timestamp,yaw,roll,pitch
0.0,-6.8209853,-4.089671,-3.5101411
31.0,-8.571986,-3.2114453,-3.0377636
64.0,-7.6618705,-3.205566,-3.4195938
100.0,-6.6073923,-3.5292473,-3.9301777
132.0,-8.624988,-4.015033,-4.109576
195.0,-7.6296415,-3.6469448,-3.9989915
232.0,-8.22754,-3.6215093,-2.8254626
264.0,-9.491012,-2.4362333,-3.176225
295.0,-8.265944,-2.4910977,-3.345761
331.0,-9.281785,-4.5571012,-2.7818558
364.0,-8.059597,-3.0970383,-3.7762072
396.0,-6.5281625,-2.5021205,-2.942341
428.0,-8.870721,-2.6990824,-3.5548904
464.0,-8.314193,-1.9716189,-2.3487782
496.0,-8.258417,-4.708932,-3.2096474
528.0,-5.827285,-3.1166894,-3.7810526
564.0,-6.7833304,-3.525885,-3.43121
596.0,-8.402661,-4.2695966,-3.0471878
628.0,-9.365813,-5.013516,-4.1446333
660.0,-7.604238,-4.7111807,-3.5249853
696.0000000000001,-9.666377,-1.2909021,-1.1441276
727.0,-7.102171,-3.2420313,-2.1786547
760.0,-8.001574,-4.644809,-2.2021475
828.0000000000001,-6.2794027,-2.7398489,-1.9430933
860.0,-7.343639,-5.8942547,-2.1448894
892.0,-8.323496,-4.350425,-2.3489623
928.0,-5.3321853,-4.6722555,-1.4981711
960.0,-6.6934786,-5.0088253,-0.89813924
992.0,-8.156005,-3.5891838,-0.4537192
1028.0,-12.6200485,-4.1762805,-0.9361682
1060.0,-11.315356,-3.5622478,-0.19035497
1092.0,-11.793218,-5.328571,-0.78229684
1124.0,-10.098363,-6.4138675,-1.3753434
1160.0,-10.636641,-4.6715684,-2.046173
1192.0,-10.127947,-4.590894,-1.4106742
1224.0,-8.942292,-5.1615067,-1.8252087
1260.0,-9.812429,-4.52359,-2.1363716
1292.0,-7.589492,-3.1435277,-1.879694
1324.0,-5.25173,-4.484911,-2.7294953
1356.0,-5.815791,-3.366227,-2.38007
1392.0000000000002,-7.1436014,-2.6613314,-3.2307513
1456.0,-7.409567,-3.5464377,-2.5121484
1492.0,-6.077455,-5.4361515,-3.0234416
1524.0,-5.2048144,-4.0642295,-3.861037
1556.0,-5.2882137,-4.8276434,-4.08953
1624.0,-4.293347,-3.905519,-4.134936
1656.0000000000002,-3.3751397,-4.6248555,-4.2922373
1688.0,-3.057937,-4.4232144,-4.2320375
1724.0,-3.753819,-4.022686,-3.3725061
1756.0,-4.392208,-3.6083975,-3.180303
1788.0,-4.7742224,-4.073768,-3.8051782
1820.0,-4.6530848,-4.156026,-3.7545033
1856.0,-4.075975,-4.8526187,-4.526007
1888.0000000000002,-4.1019382,-3.8359241,-3.698122
1920.0,-4.45657,-4.6748776,-3.6047525
1956.0,-4.2908564,-3.1555893,-3.6965919
1988.0,-5.070771,-4.1019635,-3.5107756
2020.0,-7.077702,-5.80122,-3.719808
2052.0,-5.627155,-4.6979747,-3.9789622
2088.0,-5.894768,-4.0635066,-3.854209
2120.0,-6.0516543,-3.969743,-3.748623
2152.0,-5.0542355,-4.974995,-3.8152213
2188.0,-5.9147673,-5.5836725,-3.5985162
2220.0,-7.876914,-3.3447776,-3.8798993
2252.0,-7.002636,-5.4840016,-4.1742682
2284.0000000000005,-7.3575215,-3.8922582,-4.0249157
2320.0,-7.0489902,-3.7318385,-4.2280354
2352.0,-6.2217517,-5.1226964,-4.7993884
2384.0,-5.2856092,-5.193733,-4.5854144
2420.0,-7.279054,-3.3406174,-3.8088377
2453.0,-10.176561,-2.332296,-4.273148
2484.0,-9.170669,-4.1969743,-4.454413
2552.0,-4.7637606,-4.4045434,-4.611022
2584.0,-5.7585855,-3.694834,-4.5578575
2616.0,-4.9710603,-4.568275,-5.149079
2648.0,-6.535184,-5.2544837,-4.1236954
2684.0,-7.9961114,-4.392066,-4.8607407
2716.0,-6.523795,-3.1495788,-4.1720133
2748.0,-7.2065845,-4.8976293,-5.2321606
2784.0000000000005,-6.9205613,-3.793194,-4.4337935
2816.0,-5.969325,-4.3864164,-4.3537164
2848.0,-7.309204,-4.5379148,-3.944567
2880.0,-6.207135,-4.8054442,-4.1196704
2916.0,-5.021568,-2.9084246,-4.4023366
2948.0,-6.570093,-5.335508,-4.136043
2980.0,-7.6068974,-4.317321,-4.3800316
3016.0,-8.515716,-4.9573135,-4.2876534
3048.0,-8.345442,-3.7891102,-3.3226798
3080.0,-7.299575,-4.4882765,-3.9017441
3112.0,-9.4636,-2.746268,-3.347873
3148.0,-7.3691697,-4.330577,-3.2095726
3180.0,-7.3103166,-4.5147653,-4.4244814
3212.0,-8.635354,-4.040102,-3.4005687
3280.0000000000005,-8.590715,-3.6789486,-3.5174081
3312.0000000000005,-6.28055,-4.0244956,-3.6180444
3344.0,-7.9910126,-4.5820084,-3.3932323
3380.0,-7.3885517,-4.6744547,-2.960685
3412.0,-7.4253497,-5.0590324,-4.0144277
3444.0,-6.0857296,-4.300827,-3.5215008
3480.0,-6.2409863,-5.190501,-4.1679325
3544.0,-5.7010756,-4.4615183,-4.2177763
3576.0,-6.9512177,-6.055866,-3.8799431
3612.0,-5.5019617,-5.1798296,-4.0300946
3644.0,-6.622904,-5.0166836,-4.724565
3676.0,-6.758583,-5.021205,-4.3998923
3712.0,-6.023641,-4.6978903,-4.102845
3744.0,-5.2934895,-5.21906,-4.4848366
3776.0000000000005,-6.1850624,-5.0419397,-3.844569
3808.0000000000005,-6.1217294,-3.3388646,-4.2773876
3844.0,-7.61361,-4.7967353,-4.1992126
3876.0,-5.5220337,-4.0310745,-4.9089904
3908.0,-5.7685585,-5.8744297,-5.3409367
3944.0,-3.2169337,-5.7342834,-4.7913985
3976.0,-5.757324,-6.4027066,-4.493532
4008.0,-6.0214195,-4.5923643,-5.149443
4040.0,-6.0706186,-5.1223598,-4.3794
4076.0000000000005,-7.267272,-4.328936,-4.330681
4108.0,-5.86228,-3.1198065,-4.802028
4140.0,-5.113152,-5.253386,-4.2476573
4176.0,-6.4767227,-5.5568113,-4.0117173
4208.0,-5.749085,-6.167386,-4.0926914
4240.0,-6.373655,-5.637237,-4.900084
4272.0,-7.9751086,-5.3146887,-4.257636
4308.0,-7.471229,-5.3225775,-4.814569
4340.0,-5.087163,-5.325293,-4.6855516
4372.0,-6.4316273,-3.9771743,-4.4558725
4408.0,-5.954421,-4.506398,-3.903826
4440.0,-7.384386,-4.2226863,-3.8869634
4472.0,-9.125582,-2.663686,-3.239129
4504.0,-7.299049,-3.9936597,-3.8700528
4540.0,-6.3619404,-3.7595553,-4.390992
4572.0,-6.466472,-2.9475133,-3.8778548
4604.0,-6.789607,-4.0091753,-4.5929246
4640.0,-7.2287445,-4.3037553,-4.497535
4672.0,-5.8979907,-5.032101,-5.2812233
4704.0,-5.3355823,-3.6645048,-5.0522895
4736.0,-6.439034,-4.442093,-4.4748836
4772.0,-8.050909,-3.836846,-4.256868
4804.0,-7.278497,-4.5132895,-4.4425607
4836.0,-5.9122477,-5.1980133,-5.5195575
4872.0,-7.162626,-3.5654662,-3.9306908
4904.0,-7.206826,-3.9682524,-3.4956148
4936.0,-6.593073,-4.34791,-3.6832745
4968.0,-5.1635275,-4.3140554,-4.18968
5004.0,-5.9361386,-6.4235067,-4.907089
5036.000000000001,-6.4582167,-4.558012,-4.7143993
5068.000000000001,-7.1146774,-4.795787,-4.5486975
5104.0,-5.622468,-4.7090483,-4.563384
5136.0,-7.4059124,-5.1197195,-3.9535327
5168.0,-5.806709,-5.157017,-3.1664028
5200.0,-6.845039,-4.8561172,-4.3422937
5236.0,-5.752303,-4.4049516,-4.4107113
5300.0,-6.4168434,-4.317802,-3.8129945
5336.0,-5.6588492,-2.8594072,-3.9973397
5368.0,-6.602414,-3.7205448,-3.775347
5400.0,-5.0081615,-3.5034964,-3.2330058
5432.0,-5.1062646,-3.854303,-2.485811
5468.0,-6.152392,-4.690054,-2.0908675
5500.0,-5.3917794,-4.5590663,-2.2789545
5568.000000000001,-6.055837,-4.625089,-2.5785232
5600.000000000001,-7.595023,-4.5999956,-2.500522
5632.0,-6.9197106,-3.1781685,-2.8945024
5664.0,-4.027282,-3.5368996,-2.6913939
5700.0,-5.290335,-3.7449408,-2.5546484
5732.0,-5.032478,-2.7695596,-2.9906595
5773.0,-5.7695966,-4.094051,-3.1543345
5800.0,-5.578657,-3.783854,-2.8306248
5833.0,-4.656456,-4.730111,-2.9272318
5864.0,-5.0448265,-4.2214723,-2.646441
5896.0,-4.927902,-4.6442127,-2.92445
5932.0,-4.096901,-4.082951,-3.4350145
5964.0,-6.0754466,-4.0748873,-2.840165
6032.0,-4.931988,-5.067955,-3.0203614
6064.0,-4.36802,-4.8195634,-3.5145848
6096.0,-4.700269,-4.6804914,-3.101263
6128.0,-5.4372077,-5.125171,-2.487464
6164.0,-3.4753916,-4.167453,-3.505519
6197.0,-4.6763105,-5.1063113,-3.1871479
6228.0,-5.9135246,-4.472479,-3.0688987
6260.0,-5.7979617,-5.3821387,-3.1708417
6296.0,-6.889108,-4.6891603,-2.2512631
6328.0,-5.5917206,-4.3379216,-2.9384167
6396.0,-4.989075,-5.2229247,-3.6016715
6428.0,-4.4236817,-5.2395005,-2.7174666
6460.0,-5.6475043,-5.2548313,-3.5238333
6492.0,-4.891093,-5.3086467,-3.6799436
6528.000000000001,-5.037318,-5.3245764,-3.9968152
6560.000000000001,-5.071839,-5.249035,-4.030408
6592.000000000001,-4.3169274,-4.5106173,-3.3934186
6628.0,-5.1152406,-4.616561,-2.8030908
6660.0,-4.0790052,-6.4448795,-3.2635355
6692.0,-6.4554768,-6.0409746,-5.171592
6724.0,-6.400951,-6.441808,-6.1790543
6760.0,-4.6509514,-5.9223375,-7.2472687
6792.0,-4.8547525,-5.975121,-8.071887
6860.0,-2.527522,-6.647653,-9.753269
6892.0,0.55642676,-8.51038,-12.998011
6924.0,-1.0443223,-8.170212,-13.40757
6956.0,-0.2509123,-7.1271296,-12.758757
6992.0,-2.135337,-7.4391923,-13.41238
7024.0,0.8530068,-7.2488394,-14.292632
7056.0,2.5136344,-7.5499067,-14.284094
7092.000000000001,3.6819415,-7.4344625,-14.911768
7124.000000000001,5.7670116,-6.1464567,-15.417437
7157.0,5.5052023,-7.5266075,-14.458677
7188.0,3.9202147,-6.8904037,-15.782414
7224.0,5.391206,-7.5435,-15.793174
7256.0,4.2676096,-6.0135612,-14.853768
7324.0,4.1591187,-7.3829074,-14.398127
7356.0,3.1255717,-6.7882266,-14.46631
7388.0,2.9909024,-8.695882,-13.916035
7420.0,3.39718,-8.673216,-11.98398
7456.0,0.8913343,-7.36899,-11.4992
7488.0,2.2255974,-7.0879703,-9.253941
7520.000000000001,0.49342313,-6.3222675,-6.983219
7556.0,0.52160895,-5.2057667,-5.5714602
7588.0,-1.4639456,-5.5972815,-6.142294
7620.0,-1.9589058,-5.767045,-4.9020777
7652.0,-4.324925,-4.6970873,-4.349591
7688.0,-3.7702537,-5.538903,-4.705285
7720.0,-5.004226,-5.1491246,-4.5419297
7752.0,-3.7333708,-4.8960466,-5.2799306
7788.0,-4.8204417,-4.896316,-4.86542
7820.0,-4.390988,-5.308415,-4.600385
7852.0,-5.6118603,-4.597028,-4.874645
7884.0,-5.3649497,-5.1448927,-4.9939857
7920.0,-5.859177,-4.490278,-4.40686
7952.0,-4.9845085,-5.289219,-4.6885185
7984.0,-3.7591,-5.307324,-4.6868615
8020.0,-4.451573,-6.1231246,-4.858545
8052.0,-3.017728,-5.182837,-4.5370784
8084.0,-3.5926683,-3.3567686,-4.0487633
8116.0,-3.5935082,-5.1116085,-4.9346776
8152.000000000001,-4.0835905,-4.450048,-5.3587503
8184.000000000001,-4.1588836,-5.653974,-5.374326
8216.0,-2.5864732,-4.8831186,-4.839619
8252.0,-2.494697,-6.9761353,-5.0996804
8284.0,-3.7033427,-5.485934,-4.9033737
8316.0,-5.3576612,-4.19053,-4.210692
8348.0,-3.8819609,-6.0534687,-5.1183543
8384.0,-4.842389,-4.6876135,-5.3648148
8416.0,-4.1033535,-5.3998885,-4.5031233
8448.0,-3.3342376,-5.1589465,-3.4136598
8516.0,-3.6771655,-5.187816,-5.166255
8548.0,-4.200938,-4.451231,-5.431169
8580.0,-3.3260274,-3.8584397,-4.909218
8616.0,-2.9635327,-4.807986,-4.979551
8648.0,-5.340627,-4.1652493,-4.3190136
8680.0,-3.425409,-3.987346,-4.8262568
8716.0,-3.720623,-6.763838,-5.192306
8748.0,-4.965825,-5.9274826,-5.473421
8780.0,-4.8082824,-5.983429,-5.558406
8812.0,-3.8437533,-6.1951237,-4.4446025
8848.0,-4.62755,-6.9782224,-5.260748
8880.0,-5.834867,-6.0142074,-5.185966
8912.0,-5.617242,-6.9163957,-6.224099
8948.0,-6.318103,-8.155152,-5.3178535
8980.0,-6.943616,-7.931919,-5.863436
9012.0,-12.876136,-12.499801,-3.4812703
9044.0,-10.208615,-15.32446,-3.1080503
9080.0,-13.608477,-17.470589,-0.7319694
9112.0,-15.540508,-28.375532,-1.5861737
9144.0,-16.552944,-29.018595,-0.8493045
9180.0,-13.474972,-31.869783,0.65733105
9212.0,-25.437248,-35.99328,1.7065208
9244.0,-20.419088,-42.03047,2.692141
9276.0,-21.256535,-51.003918,0.2914619
9312.0,-9.40697,-56.62455,0.493038
9344.0,-18.781736,-52.214813,6.911237
9376.0,-15.811778,-52.492916,5.904275
9412.0,-11.5570545,-53.194183,1.8911803
9444.0,-12.797587,-52.84383,5.7256517
9476.0,-18.879877,-49.0937,7.8460565
9508.0,-15.994481,-48.742405,6.310774
9544.0,-19.754328,-53.810436,6.5417924
9576.0,-19.157164,-53.27601,6.85545
9608.0,-18.490368,-52.323307,6.9696913
9644.0,-14.347277,-52.17431,4.4795904
9676.0,-15.694763,-50.237675,4.6202483
9708.0,-18.199167,-51.28635,5.370109
9740.0,-14.082724,-46.921535,-1.1595519
9776.0,-12.270045,-54.122097,1.8698205
9808.0,-17.482769,-46.80352,2.224513
9840.0,-18.079683,-48.617825,2.5485718
9876.0,-20.011795,-52.077457,7.68994
9908.0,-19.711662,-47.62631,6.4563336
9940.0,-17.761381,-49.841835,3.059286
9972.0,-19.483139,-50.438698,5.795485
10008.0,-15.252238,-51.12643,-3.221353
10040.000000000002,-14.974807,-52.70774,3.0449336
10072.000000000002,-20.24665,-46.48781,-1.2798318
10104.000000000002,-25.497393,-51.66041,-0.94206834
10140.0,-15.129736,-50.002964,-2.9594126
10204.0,-16.214443,-51.69465,4.823689
10240.0,-20.093687,-50.2624,2.3652835
10272.0,-17.760883,-52.61198,4.5882854
10304.0,-14.996814,-55.336796,5.1999583
10336.0,-20.536646,-53.06439,-2.6290853
10372.0,-20.675192,-56.518433,-3.0904233
10404.0,-25.412477,-48.64125,-3.1141791
10436.0,-18.35545,-54.5671,-0.62247115
10472.0,-20.844906,-53.212738,-0.75726396
10504.0,-18.341076,-53.1656,6.050097
10536.0,-14.859265,-57.86691,-0.37305063
10568.0,-17.966923,-50.716793,4.478412
10604.000000000002,-3.553239,-56.768116,-2.6364431
10636.000000000002,-2.676393,-59.706512,-4.370204
10668.000000000002,-17.34467,-51.133526,8.426365
10704.0,-17.48529,-53.10305,7.018637
10736.0,-13.82225,-55.581703,7.6118345
10768.0,-13.792975,-55.330418,7.1917524
10800.0,-25.856977,-47.65768,2.5524435
10836.0,-20.992514,-49.549385,-0.42985502
10868.0,-14.203281,-56.365883,3.065038
10900.0,-15.973539,-52.65412,-0.82521826
10936.0,-20.497766,-54.178596,5.961503
10968.0,-14.106037,-56.176975,1.978631
11000.0,-10.040157,-51.90952,-4.563101
11032.0,-16.7952,-52.875767,3.9939742
11068.0,-13.393344,-51.93982,-3.98617
11100.0,-12.623391,-51.020306,-3.1739142
11132.0,-13.849139,-50.573402,-2.7708185
11168.000000000002,-20.374878,-50.439728,-4.724896
11200.000000000002,-16.461298,-51.261936,2.4608428
11232.000000000002,-16.001793,-51.7191,4.3020277
11264.0,-15.80365,-49.64925,2.2078037
11300.0,-19.584446,-51.36467,3.5998988
11332.0,-7.461495,-57.113995,-6.1549726
11364.0,-16.38431,-52.20592,2.176952
11400.0,-14.3645735,-52.282604,1.2213922
11432.0,-19.05278,-52.874355,5.185895
11464.0,-18.03418,-51.706482,-4.5863013
11496.0,-19.292526,-51.156467,-0.91877705
11532.0,-21.726458,-52.6902,1.8004419
11564.0,-22.495125,-51.008045,-4.953945
11596.0,-20.97345,-49.868004,1.7736474
11632.0,-21.24472,-53.63131,3.5127537
11664.0,-19.79683,-52.270893,-2.9993362
11696.0,-27.203876,-47.000584,0.7398968
11728.0,-16.960054,-49.247967,-3.286791
11764.000000000002,-24.59528,-46.62547,0.6482841
11796.0,-15.465202,-51.831104,-4.254037
11828.0,-25.057304,-52.113884,-2.092177
11864.0,-21.770485,-55.04785,-4.0362253
11896.0,-21.452326,-51.897865,-4.569024
11928.0,-17.094759,-53.263226,-2.5525467
11960.0,-19.976503,-48.717525,-3.5032053
11996.0,-10.653948,-48.02055,-3.3250022
12028.0,-19.196012,-48.651733,-6.129776
12060.0,-21.804579,-50.050648,-0.42831945
12096.0,-20.875174,-49.245663,0.15055281
12128.0,-19.526388,-47.151886,-5.1180577
12160.0,-18.192844,-48.13914,-2.7399437
12192.0,-22.402079,-48.891754,-3.3635428
12228.0,-22.79342,-46.984562,-2.3211095
12260.0,-16.564016,-50.519802,-3.5253372
12292.0,-15.835347,-53.31054,3.8651493
12328.0,-18.64864,-48.933964,-2.8894598
12360.0,-18.624964,-47.740704,-4.070005
12392.0,-17.047897,-52.01041,-3.0666838
12424.0,-17.609436,-54.42169,-3.5041485
12460.0,-16.38889,-53.31336,-1.8953838
12492.0,-17.055157,-50.171272,-2.8281257
12560.0,-23.217003,-48.329113,-4.307672
12592.0,-21.160583,-50.62002,-4.0854864
12624.0,-22.767843,-45.204247,0.9273779
12656.0,-15.832769,-38.86972,1.1724666
12692.0,-9.854193,-33.31754,-0.46714586
12724.0,-9.203723,-31.752909,-0.20963062
12756.0,-7.9379168,-28.445223,-1.5700091
12792.0,-6.411422,-23.281065,-1.7974123
12824.0,-7.098006,-19.986685,-1.7947227
12856.0,-9.584104,-18.371004,-2.2807508
12888.0,-7.9755807,-17.36157,-2.476804
12924.0,-9.785044,-11.218337,-2.348639
12956.0,-4.261978,-12.53111,-3.8836877
12988.0,-1.320744,-14.2689085,-4.57133
13024.0,-4.8446207,-11.374738,-4.1558094
13056.000000000002,-3.4677556,-10.430197,-4.354153
13088.000000000002,-5.1430736,-10.483989,-4.339624
13120.000000000002,-3.3680716,-9.271744,-3.5017738
13188.0,-2.1595397,-8.735498,-3.9488418
13220.0,-2.316467,-6.616617,-5.1542616
13256.0,-2.2460487,-8.2715645,-4.8833895
13288.0,0.2151156,-7.494131,-5.186981
13320.0,-0.19414818,-6.456349,-5.2169657
13352.0,-0.05390823,-6.0884094,-5.3987675
13388.0,1.7376254,-6.7626567,-5.9438
13420.0,2.2238576,-7.468821,-6.774552
13452.0,2.4932406,-6.806434,-7.3010917
13488.0,1.231014,-5.859631,-6.5107145
13520.0,1.6319008,-7.0693827,-7.3323026
13552.0,1.673715,-6.8133593,-7.119179
13584.0,1.0396681,-5.8661904,-7.123485
13620.000000000002,1.2824458,-5.2886734,-6.945689
13652.000000000002,2.1835,-5.19496,-7.354628
13684.000000000002,1.3139119,-3.3114185,-6.8292923
13716.000000000002,1.0653424,-4.039741,-5.966405
13752.0,-0.42117843,-3.590416,-6.4181323
13784.0,0.26381084,-2.233771,-5.4884844
13816.0,-0.8849334,-2.7652225,-5.4272866
13852.0,-0.47807032,0.013627298,-5.3234262
13884.0,0.9403255,-0.6169293,-5.098391
13916.0,1.0019274,0.12919195,-5.281126
13948.0,1.0319505,1.1592387,-5.6537685
13984.0,1.6433513,1.7283742,-5.5453634
14016.0,2.5692554,3.6823316,-5.1276326
14048.0,1.5862559,2.85114,-5.130323
14084.0,0.92269564,5.588932,-4.5215893
14116.0,2.3067384,4.3129826,-5.2456183
14148.0,1.3874478,5.6231713,-5.0661073
14180.0,1.2470521,5.783973,-5.380524
14216.000000000002,1.0314807,5.440079,-4.633658
14248.000000000002,1.4730582,5.6734533,-6.5654955
14280.000000000002,1.6123699,6.706542,-6.2976756
14316.0,1.7511456,5.576704,-5.444919
14348.0,1.6577836,6.242339,-5.6032367
14380.0,0.68420863,4.98182,-6.075698
14412.0,1.5851529,4.8517585,-6.7545137
14448.0,0.8815124,5.601723,-8.142185
14480.0,0.38977247,5.7429743,-7.4802966
14548.0,-0.33794463,5.6741867,-7.9782033
14580.0,-0.47435808,5.2158947,-7.3555546
14612.0,-0.12157462,5.0836167,-6.2817454
14644.0,0.013115507,7.8946905,-7.7137165
14680.0,0.17634717,7.8294272,-6.61811
14712.0,0.9376735,7.0338197,-6.276876
14744.0,1.9474703,5.8274364,-5.7504826
14780.000000000002,2.067715,7.950552,-5.537472
14812.000000000002,0.48002523,11.172025,-7.358515
14844.000000000002,0.48672873,9.979206,-6.74365
14876.0,0.8798378,9.237589,-7.772977
14912.0,0.74114776,7.154687,-7.6046634
14944.0,0.27858683,4.1642647,-6.4688344
14976.0,0.49811974,2.5188901,-6.3760834
15012.0,1.8972936,1.9303136,-7.301516
15044.0,-0.44124696,1.3925076,-6.1986194
15076.0,-0.122891,0.3772094,-6.8092537
15108.0,-2.0410085,-1.9940807,-6.79492
15144.0,-1.9411199,-1.8854973,-5.9124055
15176.0,-2.0483432,-2.8645556,-6.8494134
15208.0,-3.5511973,-1.3653343,-6.6201444
15244.0,-0.9125105,-1.4230537,-7.331073
15276.0,-4.2356668,-2.6205227,-6.6235194
15308.0,-3.1269236,-1.6079347,-5.907853
15340.0,-3.1774266,-4.411606,-5.378844
15376.0,-3.4305012,-4.2718654,-4.8261065
15408.0,-2.9456084,-3.7218149,-5.395732
15442.0,-5.280443,-3.8310483,-4.9817266
15476.0,-4.3854785,-5.1532407,-5.7988195
15508.0,-5.914574,-4.955101,-5.667001
15540.000000000002,-3.4637587,-4.323014,-5.75943
15608.0,-3.243406,-5.2839813,-5.2368774
15640.0,-2.9910326,-5.2929683,-5.3331695
15672.0,-4.7880383,-4.7717204,-5.6663294
15708.0,-4.1312046,-5.184702,-5.177764
15740.0,-3.040596,-4.3441677,-5.599443
15772.0,-2.5542138,-5.1342993,-6.0964313
15804.0,-3.4905577,-4.892214,-6.2407837
15840.0,-2.8560958,-6.7174826,-5.8490615
15872.0,-3.718532,-4.554523,-6.1697264
15904.0,-2.9648464,-4.421941,-5.6292934
15940.0,-5.5717955,-4.2501945,-5.773066
15972.0,-4.4775605,-4.490759,-6.177097
16004.000000000002,-3.2168589,-5.419322,-6.2930117
16036.000000000002,-2.9315815,-6.174089,-5.598784
16072.0,-2.6218798,-4.2834144,-5.6919146
16104.0,-4.446666,-4.03819,-5.7042246
16136.0,-2.8491998,-4.7693276,-5.672655
16172.0,-4.3389935,-5.3567443,-5.4118423
16204.0,-4.408607,-5.175464,-5.2157187
16268.0,-5.1583557,-4.9496074,-6.4290075
16304.000000000002,-4.221597,-5.602938,-5.8008184
16336.000000000002,-3.6608613,-3.5351985,-5.7272058
16368.000000000002,-2.4850185,-4.014942,-6.189189
16404.0,-3.2767067,-5.856615,-5.922845
16436.0,-4.389456,-3.8120732,-5.9555836
16468.0,-2.5728805,-5.199262,-6.128509
16500.0,-2.6281042,-5.137827,-5.795772
16536.0,-3.9944203,-4.883793,-6.397971
16568.0,-2.7553396,-5.820925,-6.012974
16600.0,-3.696519,-5.9541407,-5.9984455
16636.0,-3.7527325,-4.882436,-5.2979293
16668.0,-3.3667147,-4.680991,-5.5255976
16700.0,-3.9369173,-2.090706,-5.670497
16732.0,-2.4110622,-5.441644,-6.5229025
16768.0,-2.8024673,-5.2387075,-6.0051622
16800.0,-3.1223543,-5.628358,-6.492592
16832.0,-2.5570564,-6.0213184,-6.093159
16868.000000000004,-2.5123117,-5.668062,-5.4003067
16900.0,-3.4951153,-5.983993,-5.357918
16932.0,-1.6115364,-6.592512,-6.202659
16964.0,-2.701683,-5.2543793,-7.2924714
17000.0,0.19350481,-4.5026097,-8.749895
17032.0,3.5487134,-5.599925,-9.942945
17064.0,6.9466734,-6.858493,-10.876109
17100.0,14.568663,-7.346216,-11.902886
17132.0,18.037903,-5.2149878,-12.467389
17164.0,23.763632,-3.5963144,-10.523448
17196.0,29.435736,-0.6505466,-10.856725
17232.0,32.58021,-1.5893942,-9.486424
17264.0,39.151024,-1.0653172,-12.698271
17296.0,41.34964,-2.848438,-12.625319
17332.0,42.044056,-2.2100396,-10.0328245
17364.0,42.790607,0.47516876,-10.791485
17396.0,40.683926,-1.7992874,-11.664431
17428.0,42.312172,0.15367739,-10.224947
17464.0,40.173958,0.18219171,-10.111369
17496.0,38.19498,1.8497645,-9.681796
17528.0,38.94561,1.968901,-9.546791
17560.0,39.4428,0.20129164,-10.286821
17596.0,42.10837,1.3831508,-11.280644
17628.0,42.456707,1.9527249,-11.623222
17660.0,39.852566,3.5161624,-10.968482
17696.0,41.43105,2.6594179,-12.314518
17728.0,39.903503,4.0328097,-10.763061
17760.0,39.890717,2.5896814,-11.857807
17792.0,41.45211,4.0606303,-11.441612
17828.0,38.86861,1.4124957,-11.427814
17860.0,41.2428,3.4258432,-10.6951275
17892.0,39.34989,2.775887,-10.738119
17928.0,42.71982,1.9068416,-9.804466
17960.0,38.530006,3.2939017,-10.035873
17992.0,39.929836,2.6948378,-11.266399
18024.0,39.33803,2.6937659,-10.937145
18060.0,40.450855,1.6008555,-12.916852
18092.0,37.821316,2.700947,-10.845964
18124.0,39.209743,1.813693,-11.475432
18160.0,37.82209,0.81859493,-12.277933
18192.0,38.11513,3.2770145,-11.922069
18224.0,38.60791,1.5202498,-11.5672865
18256.0,37.021736,2.736605,-9.992208
18292.0,36.33471,2.2049963,-9.475795
18324.0,36.375412,2.1211514,-9.612375
18356.0,36.485283,1.0550038,-10.43763
18392.0,36.132553,-1.2010753,-11.08854
18424.0,33.153408,-0.23710617,-9.8743
18456.0,33.59833,0.50134385,-10.019671
18488.0,35.070854,0.5164446,-10.231422
18524.0,31.67717,0.022704864,-9.77632
18556.0,34.147964,-0.38170892,-10.179591
18588.0,35.702366,1.528368,-10.829272
18624.0,32.55769,0.12928553,-10.427929
18656.0,31.05997,-1.211002,-10.799618
18688.0,31.65467,-0.735985,-9.977385
18720.0,34.044273,0.56781554,-9.517631
18756.0,30.570923,-1.0898281,-10.435877
18788.0,32.621357,0.23560236,-10.726429
18856.0,30.449314,-1.342308,-10.656702
18888.0,32.62994,1.1481552,-12.076364
18920.0,30.121029,1.3345962,-9.65142
18952.0,30.178228,0.19425255,-10.547476
18988.0,30.563131,0.8042675,-10.198023
19020.0,29.618773,-0.69625443,-10.569524
19052.0,28.66881,1.3691949,-9.911168
19088.0,30.833979,0.29451874,-10.77514
19120.0,31.680014,-0.8961888,-11.215755
19152.0,30.257177,0.20709889,-11.013644
19184.0,29.437994,1.1663811,-9.755053
19220.0,31.115902,0.12738764,-9.688896
19252.0,30.299583,-0.38723063,-9.543279
19284.0,30.240192,0.65589005,-8.947649
19320.0,31.044159,1.160798,-8.850858
19353.0,30.619637,1.9555758,-8.88638
19384.0,31.253609,2.377557,-9.118018
19416.0,31.229809,0.03730751,-10.2569065
19452.0,31.171297,1.4868777,-10.825005
19484.0,32.651077,2.6142468,-10.492073
19516.0,31.9862,-0.3248694,-10.805729
19552.0,32.739223,2.501857,-8.804907
19584.0,31.118168,1.6353087,-9.312588
19616.0,31.868187,4.277935,-9.231746
19648.0,30.624237,-0.24567406,-8.650963
19684.0,31.378183,1.6331578,-9.239193
19716.0,29.908442,1.0179467,-9.953368
19748.0,31.144085,2.5256379,-8.203162
19784.0,30.86276,0.37480766,-7.9056544
19816.0,31.07738,1.5491449,-9.206912
19848.0,30.683723,1.5679415,-8.29252
19880.0,30.8828,0.88759136,-8.055764
19916.0,32.07134,2.0214026,-9.072649
19948.0,30.51287,1.4497819,-9.827823
19980.0,30.4082,1.5219585,-9.502876
20016.0,33.440044,-0.05106438,-10.271056
20048.0,32.324955,1.3551406,-10.051613
20080.000000000004,30.633776,1.045428,-9.170115
20112.000000000004,30.75029,1.240814,-9.667857
20148.0,32.57855,1.2675818,-9.948379
20180.0,31.078236,0.69539964,-10.780459
20212.0,31.521076,2.8214571,-8.994928
20248.0,31.849491,0.8401805,-8.466788
20280.0,30.396988,0.8028179,-10.054156
20312.0,30.748835,-0.9781361,-9.621118
20344.0,30.51064,0.5975222,-9.127159
20380.0,31.272526,1.1228638,-10.4341345
20412.0,32.190514,0.731562,-10.012245
20444.0,32.179363,1.1493579,-9.530758
20480.0,31.821066,0.5270272,-10.029396
20512.0,31.53082,-0.38185963,-10.935215
20544.0,32.601368,2.2047374,-11.09408
20576.0,30.045427,1.2557989,-9.4767885
20612.000000000004,31.23985,0.5683197,-10.042082
20644.000000000004,32.270344,4.3694234,-9.879766
20676.000000000004,32.103146,3.100651,-10.776658
20712.0,34.480408,2.2370074,-10.780636
20744.0,32.091793,2.9687202,-11.41173
20776.0,33.04944,0.98650527,-11.186703
20808.0,31.48787,1.4976215,-11.663651
20844.0,31.742756,2.3755603,-11.65932
20876.0,33.30258,2.5576859,-11.300849
20908.0,32.686356,2.230731,-11.710127
20944.0,31.921062,2.6069436,-11.284572
20976.0,28.720509,1.7416538,-11.098579
21008.0,29.260405,0.9738753,-11.08175
21040.0,28.658588,1.1042982,-11.465916
21076.0,29.812277,1.5707803,-12.1651
21108.0,27.650412,2.0247023,-10.390717
21140.0,28.240843,0.58073044,-9.718633
21172.0,28.840315,-0.21627994,-9.632379
21208.000000000004,27.206808,0.66432893,-9.092286
21240.000000000004,25.955742,0.2753903,-8.244712
21272.000000000004,24.188883,-0.7515999,-7.273164
21310.0,22.644526,-0.8225942,-7.5916567
21340.0,20.131908,-0.90989864,-6.902052
21372.0,18.455227,-2.968099,-5.653634
21440.0,11.719405,-2.5708463,-4.591243
21472.0,8.058973,-2.7840528,-5.0098176
21504.0,0.9334599,-3.9007373,-3.5997221
21540.0,-4.942099,-1.9050943,-3.0934038
21572.0,-6.6054344,-3.79009,-1.6803905
21604.0,-11.444721,-2.3027382,-1.657756
21636.0,-12.22789,-2.5675159,-1.2860364
21672.0,-13.331089,-3.1568038,-1.6890004
21704.0,-12.404154,-3.231699,-0.99421924
21736.0,-13.000682,-3.4022555,-1.5048892
21772.000000000004,-11.984792,-4.002719,-0.47203308
21804.000000000004,-11.948183,-3.1709652,-1.3430197
21837.0,-11.26861,-2.9809604,-0.7503231
21868.000000000004,-12.525964,-2.4641047,-0.75581026
21904.0,-11.176956,-2.6448073,-0.47829032
21936.0,-12.056737,-1.1941885,-0.5994863
21968.0,-11.785047,-1.7392204,-0.7357059
22004.0,-9.634829,-3.437696,-1.3232523
22036.0,-9.559474,-3.5339797,-2.3895264
22068.0,-9.833082,-1.4272248,-1.5259922
22100.0,-8.748268,-2.919191,-2.8241029
22136.0,-8.693178,-3.0225575,-2.6081398
22168.0,-4.323688,-2.041357,-2.942975
22200.0,-4.937366,-1.9334903,-2.897964
22236.0,-5.697735,-2.6909513,-3.5378768
22268.0,-4.590925,-2.4454849,-4.3514156
22300.0,-3.7292066,-2.0534494,-4.2585287
22332.0,-3.7816246,-1.9362862,-4.687318
22368.000000000004,-4.970154,-2.6096087,-5.2562666
22400.000000000004,-2.9958649,-4.937038,-4.5837903
22432.000000000004,-2.6467564,-4.0805473,-5.090962
22468.0,-2.4581819,-2.2288523,-4.732143
22500.0,-3.3241298,-3.1057189,-4.5291314
22532.0,-4.109405,-3.5403636,-5.0932093
22564.0,-2.0743933,-3.465066,-5.327598
22600.0,-3.4870687,-2.4764001,-4.385697
22632.0,-2.8403509,-2.5289085,-5.190176
22664.0,-2.6295183,-3.3947206,-4.7711167
22700.0,-2.8351212,-3.894812,-5.446875
22732.0,-2.0181336,-2.413674,-6.206668
22764.0,-3.0732052,-2.3519225,-5.6439147
22796.0,-3.5164447,-3.6408153,-5.514604
22832.0,-3.1401,-4.4027147,-5.035777
22864.0,-3.8558447,-3.3820546,-4.500738
22896.0,-3.239897,-3.751874,-5.5929275
22932.000000000004,-2.739278,-3.537105,-5.326015
22964.000000000004,-2.7193966,-3.851931,-4.922213
22996.000000000004,-2.174623,-3.2784052,-4.9758363
23066.0,-2.4679143,-3.6053126,-4.8812966
23097.0,-3.4713273,-3.0965788,-5.2155643
23128.0,-2.2241118,-2.0483959,-5.4666176
23196.0,-2.690537,-5.157333,-4.8668647
23228.0,-2.4781253,-3.455276,-5.1315813
23260.0,-2.620177,-2.4745135,-5.3772287
23328.0,-2.6779609,-3.68013,-4.4492025
23361.0,-2.1276033,-4.7783194,-5.113822
23396.0,-3.2221222,-4.4900856,-4.4153776
23428.0,-3.296432,-3.8783867,-4.678257
23460.0,-2.9971611,-3.3418636,-4.777133
23492.0,-2.4031773,-3.8174741,-5.042876
23528.000000000004,-2.7193284,-3.9429827,-5.195628
23560.0,-4.410377,-3.080395,-4.749512
23592.0,-3.3355494,-3.438936,-4.275349
23628.0,-2.2447479,-4.8601675,-5.576969
23660.0,-2.72997,-4.320667,-5.1476603
23692.0,-3.5341828,-3.2650113,-5.361527
23724.0,-1.6353228,-2.3046796,-6.1928806
23760.0,-2.3077865,-2.9755762,-5.7982836
23792.0,-1.4230971,-5.0838003,-5.468217
23824.0,-3.0498939,-3.8265064,-4.7627764
23860.0,-3.0344615,-4.6115284,-5.6725917
23892.0,-2.3698988,-3.3660526,-5.2159534
23924.0,-2.989981,-4.1559806,-4.85998
23956.0,-2.2517245,-4.4186463,-4.917985
23992.0,-1.9254827,-4.9619527,-5.072987
24024.0,-2.3452559,-7.0108385,-4.855328
24056.0,-1.1012881,-4.3670835,-5.5768566
24092.0,-1.639562,-3.365759,-5.221038
24124.0,-3.4125314,-3.7195618,-6.282602
24156.0,-1.7523866,-4.4322085,-4.7590346
24188.0,-0.98667747,-3.1796985,-5.761304
24224.0,-3.0397758,-5.6677237,-4.4326534
24256.0,-2.4770064,-3.893583,-4.724885
24288.0,-1.9508188,-3.9793737,-4.5073895
24324.0,-1.7544308,-5.341587,-5.076376
24356.0,-1.5506798,-4.482763,-5.303965
24388.0,-2.8871856,-4.6349854,-4.8545194
24420.0,-1.2882177,-4.6117463,-4.922618
24456.0,-1.4971691,-3.9141967,-5.5888047
24488.0,-1.9202446,-3.5122604,-4.5992775
24520.0,-3.5663843,-3.484286,-5.115775
24556.0,-2.297285,-4.4851394,-4.400587
24588.0,-3.3299048,-4.7780776,-4.256433
24620.0,-1.7842442,-4.283802,-4.151834
24652.0,-2.391327,-5.2619963,-4.7869554
24688.0,-2.655636,-4.966934,-4.3086915
24720.0,-2.485277,-5.1086636,-4.706881
24752.0,-3.3284612,-4.6411176,-4.1714005
24788.0,-3.3045254,-4.7662773,-4.210477
24820.0,-2.345381,-6.1776876,-3.767666
24853.0,-3.1679268,-5.500037,-3.8810112
24884.0,-3.0442903,-5.0093446,-4.537481
24920.0,-1.6896333,-4.1285677,-4.564784
24952.0,-2.4597592,-4.580449,-4.389055
24987.000000000004,-2.5818515,-4.3142414,-4.5961905
25016.0,-4.348112,-2.8905149,-4.3178167
25052.0,-3.0867116,-3.0515258,-4.569285
25085.0,-1.8492717,-5.075775,-4.305829
25116.0,-1.5853617,-4.3734016,-4.6746793
25153.000000000004,-3.6043384,-3.3065085,-4.482217
25187.0,-1.7210064,-4.2608643,-5.096679
25216.0,-3.9346154,-4.6965213,-5.5345993
25248.0,-2.71707,-5.322645,-4.659642
25284.0,-3.9644392,-3.8300228,-5.1231236
25316.0,-3.5351927,-3.857229,-5.455189
25348.0,-2.9556677,-4.0471325,-5.078167
25388.0,-3.0002007,-5.5779676,-5.1447196
25416.0,-3.5249014,-5.1450934,-4.5251637
25448.0,-2.2331386,-4.008195,-5.2013826
25480.0,-2.984589,-5.48223,-4.9482856
25516.0,-1.0977386,-4.938223,-5.117095
25548.0,-2.472853,-4.944875,-5.429264
25616.0,-2.3633337,-6.2216854,-5.099176
25648.0,-1.7914411,-5.5679984,-4.927393
25680.0,-3.9970083,-5.0923834,-4.874651
25712.0,-4.114201,-5.3360953,-5.624333
25748.0,-4.5358315,-5.0568814,-4.720199
25780.0,-2.1650171,-5.947945,-4.812191
25812.0,-4.0365806,-5.8313026,-4.9682984
25848.0,-3.2884636,-5.3864303,-3.9490921
25880.0,-4.3588367,-5.6863737,-5.363264
25912.0,-2.8777153,-5.692782,-5.0004954
25944.0,-4.4809723,-6.6123443,-4.8998094
25980.0,-1.6788116,-7.600146,-5.268103
26012.0,-3.132497,-5.3286114,-4.0807667
26044.0,-2.6615634,-6.345808,-4.667885
26080.000000000004,-2.3670435,-5.617887,-3.585271
26112.000000000004,-2.7774615,-6.157131,-4.1578965
26144.000000000004,-3.5588703,-5.884651,-4.015502
26176.000000000004,-3.6566947,-5.685173,-5.2192698
26212.0,-3.8886945,-5.139314,-4.8289304
26244.0,-3.8115733,-5.8090553,-4.920363
26276.0,-3.5992103,-5.649536,-5.113338
26312.0,-5.151807,-3.9576583,-5.3955903
26344.0,-3.811198,-4.497876,-4.822986
26376.0,-3.1879292,-4.893332,-4.779236
26408.0,-2.7287867,-6.056267,-5.312252
26444.0,-2.7538166,-5.6252985,-4.57774
26476.0,-4.8361087,-4.9134893,-4.455781
26544.0,-3.3093119,-6.0200357,-4.9075847
26640.0,-3.0763004,-5.664428,-4.980436
26676.000000000004,-2.5032325,-5.1046643,-5.206279
26740.000000000004,-4.4036107,-4.719361,-5.048724
26808.0,-3.1598246,-5.506088,-5.6180134
26872.0,-3.4054863,-4.276191,-5.5173516
26908.0,-4.8407664,-6.739287,-5.8627186
26942.0,-3.4796793,-5.1923423,-6.2030253
27008.0,-3.4471753,-5.4264526,-6.077691
27072.0,-3.827007,-5.648296,-5.392279
27104.0,-3.293708,-4.424325,-5.6497393
27140.0,-3.2602606,-4.8008966,-5.584854
27204.0,-3.4780293,-5.1828647,-5.844903
27240.000000000004,-3.468644,-5.564485,-5.1548505
27272.000000000004,-2.7871983,-4.432422,-5.261447
27304.000000000004,-2.478268,-5.411698,-5.4224024
27336.000000000004,-3.3743296,-5.5114155,-4.925758
27372.0,-2.8452048,-5.7215867,-4.7046995
27404.0,-3.0976,-5.823234,-5.1824026
27436.0,-4.227825,-4.4051647,-5.7189198
27472.0,-4.147127,-6.042986,-5.5155315
27536.0,-3.7376359,-5.0668664,-5.2850146
27568.0,-3.373062,-5.884606,-5.624243
27604.0,-4.907469,-4.8859253,-5.3686166
27636.0,-2.6187053,-4.1057997,-5.1971464
27668.0,-3.9122486,-5.037758,-5.04578
27704.0,-4.180251,-4.065458,-4.8011875
27736.0,-3.8694181,-5.678848,-4.932161
27768.0,-5.148738,-5.28094,-5.29238
27800.0,-3.4867287,-5.6259494,-5.2238
27836.000000000004,-4.475835,-6.2219276,-5.361815
27868.000000000004,-4.1811724,-4.499643,-4.9974356
27900.000000000004,-3.806049,-4.215254,-5.1362195
27936.0,-4.2128706,-4.8834715,-5.5336294
27968.0,-3.379414,-4.878417,-5.035507
28000.0,-4.8559456,-5.618235,-5.4519525
28032.0,-4.0350156,-4.6324883,-6.007704
28068.0,-3.527839,-4.9911876,-6.310684
28100.0,-3.7782266,-5.1192856,-6.0689063
28132.0,-3.3694584,-5.1785564,-6.580342
28168.0,-4.452388,-6.2706165,-7.8699346
28200.0,-3.4262161,-6.842934,-7.9606576
28232.0,-2.1179442,-5.687649,-8.958496
28264.0,-4.7615666,-6.4023056,-9.1378355
28300.0,-4.641671,-6.6358542,-9.779168
28332.0,1.1174847,-8.605777,-13.201465
28364.0,0.88580686,-7.683221,-15.077808
28400.000000000004,2.7742374,-10.826838,-16.739582
28432.000000000004,3.3308456,-11.189559,-18.145952
28464.000000000004,5.047786,-11.704696,-18.51012
28496.000000000004,2.2605865,-11.220628,-18.839579
28532.0,3.4396534,-11.240426,-18.78128
28564.0,6.4853477,-10.247579,-18.953188
28596.0,6.4871283,-12.391391,-19.99217
28628.0,6.6750836,-11.394639,-20.076057
28664.0,6.6425056,-10.887876,-19.20515
28696.0,6.6270146,-11.908529,-19.359203
28728.0,2.9492574,-11.974579,-18.933466
28764.0,6.6955514,-11.6191,-18.47019
28796.0,4.6846647,-10.731814,-18.368706
28828.0,5.385828,-11.167089,-17.033316
28860.0,4.312254,-11.489071,-18.388067
28896.0,4.9725146,-10.558094,-16.654327
28928.0,2.9692566,-10.985971,-16.969421
28960.0,4.456415,-8.824042,-16.36915
28996.000000000004,4.101855,-8.403188,-15.369986
29028.000000000004,4.417984,-5.093615,-14.310535
29060.000000000004,5.075899,-3.7250059,-13.501838
29092.000000000004,5.463036,-1.0901829,-13.048229
29128.0,5.0038958,-0.941977,-11.290125
29160.0,5.875445,1.3498329,-11.375161
29192.0,5.702527,1.6648765,-10.036204
29228.0,5.7985497,2.7580862,-10.253612
29260.0,5.8148007,4.1334915,-11.618322
29292.0,6.239798,5.1120787,-10.558431
29324.0,4.595784,7.4487553,-10.280862
29360.0,4.3513346,6.896591,-10.103543
29392.0,5.5474486,9.044907,-9.017809
29424.0,6.5646534,11.307381,-7.794437
29460.0,3.4314382,11.715553,-9.653258
29492.0,6.5955415,11.955376,-6.814411
29524.0,4.158321,12.115246,-8.689319
29556.0,2.4864419,12.558214,-8.090632
29592.000000000004,4.4935026,13.0214405,-6.968397
29624.000000000004,3.4223742,12.440513,-7.1251154
29656.000000000004,3.5331388,13.702674,-7.296031
29692.0,2.6325247,12.444939,-5.544556
29724.0,2.550409,11.575215,-4.308911
29756.0,2.5249598,10.738493,-3.5233896
29788.0,2.5448694,8.437358,-2.3527884
29824.0,1.9183824,5.8161936,-1.6092252
29856.0,2.3898537,7.575867,-1.4020932
29888.0,1.3582159,7.2710524,-1.1361084
29924.0,1.461454,6.061263,-2.2088368
29956.0,1.9543434,7.8100576,-2.7731717
29988.0,0.8109371,8.967356,-2.973112
30020.0,1.6191844,8.077165,-3.7146113
30056.0,2.7413268,10.482887,-4.313777
30088.0,2.4229357,9.87545,-3.9874628
30120.0,2.5143435,11.328646,-3.8854187
30156.000000000004,1.9549301,10.743354,-2.6488295
30188.000000000004,0.89791995,8.326662,-3.6801853
30220.0,1.8569689,10.388954,-3.6098108
30252.0,1.5661182,9.22522,-4.2728963
30289.0,1.1112125,9.459332,-4.468267
30320.0,1.6288943,9.931126,-4.6252003
30352.0,1.0939201,11.406503,-4.438406
30388.0,1.1281266,11.84281,-4.711625
30420.0,2.3088183,8.095999,-4.067843
30453.0,2.7092814,6.5986295,-4.417132
30520.0,2.3951342,6.065257,-5.5414433
30552.0,3.199297,6.54828,-5.2021384
30584.0,2.1556864,5.9064274,-4.8121486
30620.0,0.9051031,5.3073335,-3.2968452
30652.0,1.7016656,3.087896,-5.4223566
30684.0,2.0670247,3.1975951,-5.3547096
30716.0,0.4842932,2.3355157,-6.037256
30752.0,-0.17078489,0.32954052,-6.0830917
30784.0,1.1571891,-0.69719714,-6.936076
30816.0,-0.1513112,0.002176065,-7.771153
30852.0,0.8992001,-1.325196,-6.6297474
30884.0,-0.6169329,-1.8346469,-7.292664
30916.0,0.2105771,-4.1268353,-7.3737793
30948.0,1.3826479,-4.622717,-8.208835
30984.0,0.3369571,-3.6972575,-8.147063
31016.0,0.7549862,-4.1063704,-8.162872
31048.0,0.59298515,-3.6841094,-7.1966724
31084.0,-2.868825,-3.0176113,-7.2443275
31116.0,0.7698866,-4.065857,-8.270408
31148.0,0.6767033,-2.340393,-8.243898
31180.0,-1.641108,-3.7033565,-8.782352
31216.0,0.40973124,-1.8138288,-8.19028
31248.0,1.0476968,-3.8406897,-8.70814
31280.0,-0.35551476,-5.543919,-8.518143
31316.0,1.1342621,-4.650543,-8.782764
31348.0,-0.5026445,-4.8251243,-8.599537
31380.0,-0.8857031,-5.568662,-9.16501
31412.0,-1.1855788,-6.0312476,-8.809138
31448.0,-3.2935922,-6.628915,-8.598085
31480.0,-2.8783922,-5.6345406,-8.629322
31512.0,-3.5667875,-5.2927914,-8.280074
31548.0,-0.1760839,-5.7015038,-7.7233343
31580.000000000004,-2.560851,-5.6848764,-7.523737
31612.000000000004,-2.0962706,-4.9435444,-8.32276
31644.000000000004,-2.647879,-5.135649,-7.946969
31680.0,-2.349393,-4.5131707,-8.485207
31712.0,-2.2859306,-5.1558967,-8.960458
31744.0,-3.3980172,-4.1289454,-8.091384
31780.0,-1.9377686,-5.4126773,-8.356068
31812.0,1.1002076,-5.42374,-8.982576
31844.0,-3.5620098,-4.6158104,-8.379374
31876.0,-3.2752676,-4.1279445,-7.678613
31912.0,-4.9838924,-4.496036,-8.063495
31944.0,-3.0043137,-4.591197,-8.886636
31976.0,-1.0619442,-6.038461,-7.9877224
32012.0,-2.6083102,-5.3398843,-8.651709
32044.000000000004,-2.6553278,-4.8560987,-8.513503
32076.0,-2.6903625,-5.7941437,-7.862175
32108.000000000004,-3.1466782,-4.2391973,-8.446061
32144.0,-1.1536615,-5.3509016,-9.18096
32176.000000000004,-2.8808424,-4.9399557,-7.814427
32208.0,-1.473881,-5.132688,-9.066666
32244.0,-3.7906995,-6.0450716,-8.99865
32276.000000000004,-3.7811437,-5.2396774,-8.745566
32308.0,-4.3075356,-4.7726016,-8.444986
32340.000000000004,-3.4777195,-6.7305756,-8.051441
32375.999999999996,-4.569837,-5.787827,-7.272727
32408.0,-5.3602047,-5.558066,-8.010234
32472.0,-5.163372,-4.623078,-8.164851
32508.000000000004,-3.6691408,-5.709906,-8.499909
32540.0,-2.5082533,-4.3958597,-7.703799
32572.000000000004,-3.594162,-3.559587,-6.542426
32608.000000000004,-3.3780997,-4.0565515,-7.077334
32640.0,-3.9056115,-3.1581008,-6.6376433
32672.000000000004,-3.0160387,-3.9120228,-6.741122
32704.0,-2.9032547,-3.6444006,-6.6019473
32740.000000000004,-3.4424293,-4.396714,-7.335908
32840.0,-3.5070033,-3.425515,-6.383604
32872.0,-2.1011233,-3.7670178,-6.537428
32904.0,-3.104164,-5.149264,-7.191559
32936.0,-2.9245982,-3.6683447,-6.676953
32972.0,-3.6302223,-4.4245677,-7.299384
33004.0,-3.4510553,-4.514745,-6.75878
33204.0,-4.6951485,-4.795968,-5.66383
33304.0,-5.38914,-3.7864606,-6.1150894
33336.0,-4.0593586,-5.700842,-6.837576
33368.0,-4.26633,-4.0437,-6.3059883
33400.0,-4.571593,-3.8228595,-6.207991
33436.0,-4.157676,-5.3239117,-6.0084667
33468.0,-2.3676143,-3.897366,-6.2637825
33500.0,-4.358817,-3.5797935,-5.9948344
33536.0,-2.7601278,-3.6718566,-5.5239415
33568.0,-3.4646888,-3.1414819,-6.2744694
33668.0,-5.362846,-4.02133,-6.3975725
33700.0,-4.0022826,-5.8346124,-6.194472
33732.0,-3.1216428,-2.7368689,-6.0513167
33768.0,-4.908398,-4.1340094,-5.4864388
33800.0,-6.536989,-2.8707988,-6.025051
33832.0,-10.19606,-2.9693205,-5.1836643
33864.0,-13.257755,-2.2131777,-4.820455
33902.0,-15.894267,-2.631618,-5.407912
34064.0,-31.02667,-1.5629183,-2.492139
34096.0,-35.20958,-2.1396346,-0.61886644
34132.0,-36.173313,0.11854502,-1.6314949
34164.0,-37.61409,0.5755592,-1.2568556
34296.0,-41.868824,1.3627701,-1.604767
34528.0,-40.536655,3.8575292,-2.500774
34596.0,-41.386147,5.152202,-1.1411802
34628.0,-39.054672,5.174672,-1.6268042
34660.00000000001,-40.891594,3.5967681,-1.2408861
34696.0,-41.05124,2.949484,-1.8947302
34728.0,-42.525776,2.8180397,-0.8536025
34760.0,-40.79257,3.2321978,-0.24305613
34792.0,-40.86467,2.8324914,-1.5869592
34828.0,-42.025383,1.5435742,-0.22009175
34860.0,-42.65848,3.0840523,-0.70548445
34892.0,-41.7126,2.8647096,-0.22080685
34928.0,-42.728676,5.1860127,-1.6227677
34960.0,-44.952873,3.6802049,0.0689045
34992.0,-42.992992,2.806963,0.22614585
35024.0,-45.01969,4.0217814,-1.2697597
35060.0,-46.74074,5.765516,-0.6491789
35092.0,-45.683327,5.810165,-1.4892673
35124.0,-45.29922,5.5820193,-1.0609173
35160.00000000001,-47.697945,4.934673,-1.1106566
35192.0,-48.34698,5.7340493,-0.403618
35224.00000000001,-46.84842,5.6861176,-1.9492092
35256.0,-46.483955,5.5994935,-2.7161617
35292.0,-46.53494,3.9758708,-2.0392337
35324.0,-48.02485,5.55587,-1.8768584
35356.0,-47.246258,4.4684954,-2.356972
35392.0,-46.681023,5.4341006,-1.7604471
35424.0,-48.354916,5.2344317,-2.531759
35456.0,-48.94833,5.465126,-2.7517097
35488.0,-49.338024,5.3428516,-3.2014682
35524.0,-48.74502,5.2824054,-2.0831645
35556.0,-50.67317,7.106064,-4.9879665
35624.0,-49.03585,5.8672886,-3.4384208
35656.0,-49.74168,6.668435,-2.9852197
35688.0,-50.748486,7.99585,-3.0972693
35720.0,-49.985184,7.162549,-4.2880583
35756.0,-50.419285,5.6492233,-4.513236
35788.00000000001,-48.746334,6.005207,-2.212106
35820.0,-47.7046,7.9599824,-3.329067
35856.0,-49.37264,4.965212,-2.151435
35888.0,-49.934387,8.314403,-2.584285
35920.0,-49.21587,6.51305,-3.6970878
35952.0,-50.438694,6.407195,-2.383411
35988.0,-51.17154,6.1348014,-3.2991488
36020.0,-50.609856,5.2117987,-2.985401
36052.0,-51.005295,6.104677,-2.8555686
36084.0,-51.591778,4.1739464,-1.527378
36120.0,-51.357597,7.205659,-2.7997992
36152.0,-51.369083,6.882512,-2.4682477
36184.0,-50.731606,6.728122,-3.5555832
36220.0,-49.895573,5.2433133,-1.4467176
36252.0,-48.23302,6.631815,-2.9374776
36284.0,-50.612846,6.3297524,-3.6324253
36316.0,-49.423172,6.282617,-3.2425354
36352.00000000001,-48.980373,7.4110208,-3.2274902
36384.0,-48.43208,6.735053,-3.7465875
36416.00000000001,-49.37182,6.911352,-2.618993
36452.0,-48.107826,6.6781435,-3.0981598
36484.0,-48.43297,5.10987,-1.9192848
36516.0,-50.402206,6.748138,-2.809832
36548.0,-49.174885,5.39579,-3.2410915
36584.0,-49.336933,4.913759,-2.3229594
36616.0,-49.591946,6.9795175,-3.112194
36648.0,-48.86038,4.3330574,-1.5554701
36684.0,-49.06885,5.985522,-2.655523
36717.0,-49.739502,2.9622028,-1.2976284
36748.0,-47.85706,3.8796642,-1.6392977
36780.0,-48.719135,6.4852815,-2.7443557
36816.0,-48.38247,3.7130141,-1.6608329
36848.0,-48.891197,5.111621,-1.4631525
36880.0,-49.58762,4.6693654,-2.1892765
36916.00000000001,-49.840027,4.6041393,-1.5086851
36948.0,-49.988605,4.7900615,-1.679385
36980.00000000001,-49.43006,3.3542273,-1.1013181
37012.0,-47.798073,5.255532,-1.982692
37048.0,-47.934162,7.947739,-2.6245391
37080.0,-49.684547,5.3724537,-1.8639684
37112.0,-47.802025,4.708988,-1.5368732
37148.0,-49.500473,4.255603,-1.7783375
37180.0,-45.83611,3.7352533,-1.4309103
37212.0,-45.62834,3.3520982,-1.3028877
37244.0,-44.9722,3.4351835,-0.4352
37280.0,-43.490643,3.2238715,-1.1656755
37312.0,-41.69664,4.397682,-0.29802164
37344.0,-38.753895,3.7805963,0.6788598
37380.0,-34.708412,1.2741237,0.5954341
37412.0,-30.888597,0.24093662,1.8880641
37444.0,-26.746037,0.36381224,1.4550745
37476.0,-22.287386,-0.23382759,2.2458932
37512.0,-19.267838,-0.08493315,1.2092121
37544.00000000001,-17.032375,-1.5421767,1.2663456
37576.0,-15.388002,-1.6514145,0.21445937
37612.0,-11.121099,-1.8037548,-0.877652
37644.0,-10.066653,-2.6673522,-1.2003969
37676.0,-7.2064414,-2.7940543,-2.145806
37708.0,-4.3788776,-2.4913778,-2.3722072
37744.0,-4.2811403,-2.1472814,-3.565438
37776.0,-2.5554216,-1.5916197,-3.305938
37808.0,-2.985904,-0.3940725,-4.119614
37844.0,-1.5901418,-2.8303196,-5.0225334
37876.0,-1.4591632,-1.4391787,-4.9901175
37908.0,-1.0655237,-1.2220359,-5.5457287
37976.0,0.1209782,-1.5339831,-6.1973624
38008.0,1.4447268,-1.2917237,-5.75485
38040.0,0.6659301,-0.19521864,-5.480467
38076.0,0.04772757,-1.7348412,-5.969962
38108.00000000001,1.1302458,-1.1380286,-6.127104
38140.0,1.6729773,-1.3927704,-5.5167394
38172.00000000001,1.3131248,-2.06836,-6.2764983
38208.0,-0.5260875,-1.1054707,-5.5152097
38240.0,0.5548683,-1.0851243,-5.2210674
38272.0,0.37765792,-0.37381753,-5.868157
38308.0,-0.4420861,-1.6113188,-5.8757877
38340.0,-2.901616,-0.69213134,-5.588214
38372.0,-3.0210128,-0.9732512,-5.6772585
38404.0,-3.0242083,-1.1779717,-4.9720182
38440.0,-2.902016,-0.44982654,-5.0212016
38472.0,-0.8647245,-2.099039,-4.972658
38504.0,-1.7070234,-1.0532271,-5.7600374
38540.0,-2.7190912,-2.317096,-5.6058617
38572.0,-2.6150918,-1.8913401,-5.5073547
38604.0,-1.8047321,-2.9056106,-5.8266253
38636.0,-1.6753097,-1.3324938,-5.5380464
38672.00000000001,-2.8762808,-1.5864592,-5.6418867
38704.0,-2.1523182,-2.3493917,-5.256567
38736.00000000001,-2.0600307,-2.3075244,-6.372858
38772.0,-2.4023032,-3.1887002,-6.1203437
38804.0,-2.6147385,-1.9590307,-6.411245
38836.0,-2.301876,-2.2466612,-6.025258
38868.0,-1.3053735,-1.7622689,-6.177913
38904.0,-1.8520283,-4.561834,-6.2847824
38936.0,0.7102475,-4.359119,-6.198997
38968.0,-2.4720805,-2.626269,-6.122634
39004.0,-1.8974781,-3.730541,-5.8845434
39036.0,-1.6724731,-3.1435494,-6.072865
39068.0,-3.8625333,-4.310345,-5.7688427
39100.0,-3.261189,-3.8601954,-5.8722534
39136.0,-2.0879111,-3.7173307,-6.535402
39168.0,-2.1877346,-2.9895205,-5.9915967
39200.0,-1.9168875,-3.409982,-6.1940794
39236.00000000001,-2.4930081,-4.209242,-6.2845674
39268.0,-1.2901284,-3.3366702,-7.1195955
39300.00000000001,-1.4605527,-3.46526,-6.5865936
39332.0,-2.8286424,-3.9737477,-6.7096047
39368.0,-2.8654163,-3.1424155,-7.366027
39400.0,-2.4622488,-4.200749,-7.147214
39432.0,-2.3526683,-4.5002227,-7.20976
39468.0,-3.0233147,-4.79004,-6.55463
39500.0,-0.8178779,-5.059765,-6.3965726
39532.0,-3.0246127,-5.6356792,-6.8685703
39564.0,-2.4431975,-4.7812033,-6.9921403
39600.0,-1.9332515,-5.595008,-7.5637636
39632.0,-3.2146816,-4.219481,-6.8767347
39664.0,-2.895198,-5.6547575,-6.769808
39700.0,-3.373473,-5.412115,-6.8670993
39732.0,-3.1216886,-4.2287054,-7.5269666
39764.0,-3.0393112,-5.550306,-7.052686
39796.0,-1.8236712,-5.7804613,-7.776234
39832.0,-2.308713,-4.924192,-6.693233
39864.00000000001,-1.2047886,-6.0972557,-7.2716913
39896.0,-3.9417424,-4.3196807,-7.0622153
39928.00000000001,-3.613579,-5.846959,-6.673517
39964.0,-3.7980862,-6.1346874,-6.743426
39996.0,-5.2611704,-3.991674,-6.213513
40028.0,-3.8334353,-6.9174914,-6.764388
40064.0,-3.8269622,-4.867785,-6.799786
40101.0,-4.167247,-5.690447,-6.6329427
40128.0,-4.416562,-4.196973,-6.900668
40160.00000000001,-5.385994,-5.859295,-6.681634
40196.0,-4.490471,-5.150334,-7.3430285
40228.0,-5.430856,-5.524178,-7.12761
40260.0,-4.3606243,-5.3264723,-6.766795
40296.0,-5.7301893,-5.334293,-5.934425
40328.0,-4.8266196,-4.350291,-6.7860126
40360.0,-3.1991866,-4.981629,-6.210438
40392.0,-3.5353703,-6.444609,-6.3724785
40428.00000000001,-5.142186,-5.0683837,-5.9047127
40460.0,-5.0457664,-5.5194764,-6.1128354
40493.0,-5.4369874,-5.3092804,-6.937322
40528.0,-5.736254,-4.901926,-6.566297
40560.0,-4.0212207,-5.9774017,-6.813357
40592.0,-4.3613315,-5.4620757,-6.800327
40624.0,-4.087039,-5.03102,-6.8220882
40660.00000000001,-4.2219343,-3.9868045,-6.199993
40692.0,-4.8037467,-5.676403,-6.345753
40724.00000000001,-4.903125,-4.9208364,-6.268818
40760.0,-3.8829885,-5.3519144,-6.753594
40792.0,-4.2956424,-5.2617936,-6.633902
40824.0,-4.4886127,-6.5887175,-6.735672
40856.0,-3.9407341,-5.0724144,-6.8029175
40892.0,-4.528069,-6.133855,-7.1438694
40924.0,-5.0078335,-5.515576,-7.2105045
40956.0,-5.781325,-6.2610397,-6.901822
40992.0,-6.1567087,-4.926632,-6.64093
41024.0,-5.6905246,-4.4524097,-6.5385313
41056.0,-4.191713,-5.5988784,-6.458411
41088.0,-6.5062513,-4.5346055,-7.376598
41124.0,-4.581168,-3.190629,-6.25802
41156.0,-4.3516245,-6.022625,-6.5374103
41188.0,-6.278844,-4.413238,-5.9414487
41224.00000000001,-4.0604215,-5.6929355,-7.319909
41256.0,-5.6101904,-5.8967133,-7.056635
41288.00000000001,-4.834711,-4.572585,-7.79626
41320.0,-5.0221314,-4.750315,-7.4949036
41356.0,-4.011802,-6.008824,-6.179121
41388.0,-4.150326,-6.046025,-7.225294
41421.0,-6.2666483,-6.058059,-7.126158
41456.0,-5.3287168,-5.090233,-7.4289083
41488.0,-4.4745865,-5.385095,-7.1298513
41524.0,-5.2724624,-5.2218547,-7.077857
41552.0,-5.2513394,-3.7134356,-6.093343
41588.0,-5.2411537,-4.114472,-6.0067654
41620.0,-6.8346434,-4.0860214,-5.660376
41652.0,-7.1666594,-4.067229,-5.69245
41688.0,-10.761328,-4.062165,-4.594575
41720.0,-8.750387,-5.0169163,-5.4708242
41752.0,-8.041084,-4.586621,-5.0922217
41784.0,-9.764345,-4.868398,-5.7775226
41820.0,-11.433785,-5.195793,-4.924963
41852.00000000001,-10.232424,-5.792634,-5.522824
41884.0,-10.642407,-4.4996085,-5.623147
41920.0,-11.129334,-6.378984,-7.0184855
41984.0,-15.589084,-12.050314,-7.6179824
42016.0,-13.426987,-13.697384,-10.098589
42052.0,-18.859198,-17.535933,-11.802205
42084.0,-20.8485,-22.465687,-14.392402
42116.0,-21.658245,-20.450731,-14.434693
42152.0,-20.846153,-21.190668,-15.157027
42184.0,-24.821615,-20.726492,-15.203629
42216.0,-35.27825,-17.405016,-17.543598
42248.0,-31.774446,-19.4895,-18.041939
42284.0,-33.89331,-17.364126,-17.69715
42316.0,-32.770733,-16.125834,-18.06634
42384.0,-36.88794,-13.110975,-17.58228
42416.00000000001,-46.37956,-9.379446,-16.853205
42448.0,-44.261562,-9.296656,-18.980726
42480.00000000001,-43.766346,-12.680566,-17.207241
42516.0,-37.814037,-13.624853,-16.885216
42548.0,-42.43988,-11.212983,-15.041806
42580.0,-45.947346,-19.798552,-16.153488
42616.0,-54.67485,-19.745478,-13.145253
42648.0,-55.771782,-14.644646,-13.110897
42680.0,-56.55021,-12.928857,-12.703118
42712.0,-49.049896,-14.819196,-13.080963
42748.0,-45.800846,-10.888324,-17.08688
42780.0,-41.36416,-13.098285,-17.425068
42812.0,-48.34067,-15.331517,-17.336163
42848.0,-31.346056,-1.0946546,-19.175179
42880.0,-25.21828,-2.0651343,-18.787182
42912.0,-39.029285,-6.5857334,-16.541052
42944.0,-25.630938,-7.603941,-18.075298
42980.00000000001,-27.445005,-6.5705395,-20.887856
43012.0,-34.901703,-8.752221,-21.876194
43044.00000000001,-43.828926,-13.464979,-18.536026
43080.0,-34.521187,-15.663544,-17.328087
43112.0,-37.095074,-16.08474,-19.037218
43144.0,-36.208515,-12.239428,-18.093204
43176.0,-34.426598,-8.739378,-19.931267
43212.0,-60.429817,-6.147663,-17.105907
43276.0,-53.044395,-6.96699,-15.825878
43312.0,-54.53413,-10.411042,-12.979949
43344.0,-58.995255,-7.3251467,-12.537179
43376.0,-43.425114,-8.559436,-16.148632
43408.0,-50.853798,-4.5755644,-10.648476
43444.0,-39.511032,-5.646187,-15.208604
43476.0,-26.146175,-7.1688604,-15.725122
43508.0,-19.824476,-9.377731,-15.662924
43540.0,-9.444588,-11.224437,-20.727945
43576.0,-0.25479838,-10.329365,-18.178183
43608.00000000001,-0.6820044,-9.569108,-18.764692
43640.0,-0.3300373,-9.006016,-18.989761
43676.0,-1.2542185,-8.560213,-17.859247
43708.0,-5.8506603,-6.048719,-17.66614
43740.0,-8.236248,-4.669137,-13.113452
43772.0,-7.059998,-4.760434,-12.479626
43808.0,-7.042,-5.3153434,-11.792076
43840.0,-7.812123,-5.1981516,-11.068526
43872.0,-6.353696,-6.0821276,-9.502978
43908.0,-8.129204,-4.2668877,-8.999099
43940.0,-7.4691544,-4.090815,-8.069406
43972.0,-6.456028,-4.2595816,-7.393816
44004.0,-4.172867,-4.4593797,-6.9511437
44040.0,-6.9793925,-3.4784365,-7.0251594
44072.0,-6.973525,-4.4453053,-7.696852
44104.0,-6.346068,-4.5297937,-8.179766
44140.0,-8.399416,-5.2969623,-6.7142243
44172.00000000001,-7.617066,-6.3944087,-7.245448
44204.0,-6.501834,-4.728315,-7.34929
44236.00000000001,-5.3961687,-5.162735,-7.1561294
44272.0,-4.71656,-4.5877852,-7.7471833
44304.0,-6.784617,-4.393039,-8.053693
44336.0,-7.348553,-4.193255,-7.5767045
44372.0,-7.0674095,-6.055138,-8.305465
44404.0,-6.396903,-4.9706855,-8.241597
44436.0,-6.415051,-5.0422482,-7.690896
44468.0,-6.692424,-4.3823395,-7.866135
44504.0,-6.6362643,-4.3991046,-7.764146
44536.0,-6.1278725,-4.689262,-7.2361717
44568.0,-5.153224,-4.7746816,-6.4677453
44604.0,-3.8346045,-4.1361494,-5.939027
44636.0,-3.7359478,-4.442141,-6.325346
44668.0,-4.1467094,-6.3178053,-5.7664914
44700.0,-3.9287014,-3.9484472,-6.2379518
44736.00000000001,-5.760631,-5.5785923,-6.2212944
44768.0,-4.601634,-5.41806,-6.4329457
44800.00000000001,-7.076725,-4.0892005,-5.868089
44836.0,-5.1842575,-4.220662,-5.776272
44868.0,-6.21166,-4.716428,-7.170263
44900.0,-5.288607,-4.5499,-5.99632
44932.0,-3.554944,-5.4010134,-6.304965
44968.0,-4.557432,-5.4048924,-6.5355844
45000.0,-5.340347,-4.9893465,-6.020246
45032.0,-5.404364,-5.3548346,-7.261177
45068.0,-3.4446597,-4.576186,-7.0980225
45100.0,-7.3403106,-4.990689,-5.804789
45164.0,-5.5595098,-5.0771637,-6.102723
45200.0,-5.11614,-4.609356,-6.545831
45232.0,-5.752399,-4.4819117,-6.118809
45264.0,-5.4632964,-4.8334126,-6.5990305
45300.00000000001,-6.3448477,-5.3076463,-6.457975
45332.0,-5.8315105,-5.2644343,-6.457258
45364.00000000001,-7.0530653,-5.0441527,-6.6854734
45396.0,-4.0509233,-4.433244,-7.001318
45432.0,-7.3665934,-6.010571,-6.4936795
45464.0,-6.033628,-4.968591,-6.56992
45496.0,-5.3056026,-5.679419,-5.951743
45532.0,-6.691527,-6.4595227,-6.2735424
45564.0,-3.392265,-5.556777,-6.542232
45596.0,-5.1202292,-5.8529024,-6.0079455
45629.0,-6.4043655,-5.996036,-6.21201
45664.0,-7.069198,-5.548885,-6.4013047
45696.0,-6.688313,-5.557125,-6.4158654
