timestamp,yaw,roll,pitch,face_count,actual
16265_5.jpg,12.364563,4.4611955,-2.2596376,1,0
15903_6.jpg,-0.65473247,4.6355453,-2.9849377,1,0
15370_3.jpg,8.143496,-5.6577563,-1.2750092,1,0
13807_2.jpg,3.6348948,2.263096,4.4804964,1,0
13750_3.jpg,1.74849,10.903756,5.6701913,1,0
14024_4.jpg,-3.5862808,-6.6118,0.78078353,1,0
12198_5.jpg,-0.61599874,-5.5254607,-4.5835767,1,0
15498_5.jpg,2.5312912,-1.7103585,7.892634,1,0
13061_1.jpg,2.4771526,-8.922743,-3.0467575,1,0
10666_3.jpg,-3.3384483,5.978181,-0.0725709,1,0
16265_2.jpg,-4.3524036,6.2989287,-3.6281168,1,0
14053_1.jpg,-3.5793908,-7.652654,2.427339,1,0
14266_2.jpg,-1.806001,-3.8926325,-2.4692352,1,0
13736_3.jpg,-3.5265653,-1.2571702,11.937099,1,0
14275_2.jpg,34.46277,-9.691844,-8.395361,1,1
12867_id.jpg,-19.546064,8.34319,3.3224301,1,0
14250_2.jpg,-3.0555823,-3.8167858,-1.7243092,1,0
12847_3.jpg,-7.5337715,-2.0307293,-0.37144765,1,0
10559_1.jpg,3.6245673,-10.162401,2.2841525,1,0
12204_5.jpg,-10.184237,-7.2325964,0.9668795,1,0
14483_2.jpg,2.052055,-6.1934037,-3.5774138,1,0
14117_3.jpg,-1.0939285,-14.250395,-0.88003606,1,0
15900_1.jpg,-67.79967,13.40389,0.9100021,1,1
14483_6.jpg,5.038954,-8.263541,-19.537827,1,0
14033_5.jpg,2.3174226,-10.750174,2.9388816,1,0
10563_3.jpg,-1.4646244,-2.955002,-6.1917777,1,0
12993_1.jpg,-0.32659373,-5.9046893,-4.0118456,1,0
12190_4.jpg,5.1090803,3.348006,-0.15456116,1,0
13752_2.jpg,-0.54410636,-9.149341,2.3401723,1,0
10766_1.jpg,-11.869246,12.384367,-6.997693,1,0
15350_1.jpg,14.94413,0.31775182,-26.14057,1,1
14482_2.jpg,-3.2517292,-0.58006436,-4.3298984,1,0
15687_6.jpg,-1.5555074,-2.9644332,-0.48757255,1,0
12865_3.jpg,-4.5451303,-2.1098201,-2.6806264,1,0
14270_1.jpg,5.0797377,-2.0577514,-9.279556,1,0
12324_id.jpg,0.7296568,-6.686508,0.58891314,1,0
16322_3.jpg,-17.815224,12.037998,-5.514692,1,0
11929_3.jpg,-6.0085063,-4.749388,7.3012457,1,0
15892_3.jpg,-13.295766,-15.60407,18.502033,1,0
13224_4.jpg,-3.8184195,-6.7064657,-1.39337,1,0
14620_1.jpg,2.3225224,-12.055001,-8.288759,1,0
13729_1.jpg,-1.808357,-7.125699,0.23281395,1,0
14081_5.jpg,5.386336,-3.1400516,-3.4327743,1,0
6777_2.jpg,9.5374365,25.983658,-0.15980229,1,0
16207_3.jpg,-4.782691,-1.6961098,-0.9606868,1,0
13472_1.jpg,0.032315567,8.745564,-1.6142126,1,0
13351_6.jpg,-2.6541743,1.1701939,-1.0067042,1,0
9729_3.jpg,-1.7016037,4.273323,-11.803569,1,0
13753_5.jpg,12.478707,10.326974,-8.129025,1,0
13755_3.jpg,-5.9807835,2.3021963,7.944925,1,0
13986_1.jpg,21.165005,-0.7927235,-1.4046698,1,0
14395_5.jpg,39.834118,-6.108427,-1.3697339,1,1
14249_2.jpg,-7.2284985,-5.4889927,0.43266416,1,0
10786_4.jpg,4.7308893,-21.262068,2.9585052,1,0
11673_4.jpg,-0.22630619,-4.321832,-3.3029916,1,0
15903_5.jpg,-1.5712035,4.1891103,-1.6645546,1,0
13986_4.jpg,14.238358,1.2474182,4.842336,1,0
13958_5.jpg,-3.5915263,-2.508893,-0.04553911,1,0
13799_6.jpg,1.5578532,0.5629568,-2.3021345,1,0
15900_4.jpg,-34.700806,-1.924667,11.698953,1,1
13755_4.jpg,-0.09390745,7.5346575,-2.916552,1,0
14322_2.jpg,-7.0412445,8.057721,-3.1839795,1,0
13793_1.jpg,0.20384042,-3.3845055,-4.3088765,1,0
12867_3.jpg,13.381858,-2.8097878,7.46576,1,0
12053_1.jpg,-0.6534845,0.6581363,5.110225,1,0
11675_2.jpg,-7.852826,5.3959713,-0.32203093,1,0
6800_1.jpg,0.2319564,1.6010072,-5.8357944,1,0
13775_3.jpg,-2.6142063,0.8809829,2.0442936,1,0
12193_4.jpg,-2.6554468,-15.112147,1.6969597,1,0
14068_2.jpg,10.149959,13.694051,2.8227005,1,0
14065_5.jpg,-0.7091118,5.023863,-2.5144415,1,0
13806_3.jpg,5.3311954,-5.0206165,3.4431405,1,0
10757_id.jpg,30.726099,13.63141,0.68492126,1,0
14795_4.jpg,4.0306745,-10.420124,-3.3498764,1,0
14124_1.jpg,1.9786532,-8.39475,-1.402336,1,0
16207_2.jpg,-8.144407,-1.8651998,1.9277042,1,0
14246_3.jpg,0.36984628,1.8592746,-6.158759,1,0
14138_2.jpg,8.196745,-30.046295,-1.244758,1,0
14278_3.jpg,1.5327733,-3.7895577,-1.7543421,1,0
15498_6.jpg,14.108699,-5.2182336,-7.8791833,1,0
15971_3.jpg,0.50209975,-11.288766,3.465936,1,0
8424_3.jpg,-2.1156,-2.895512,7.7192993,1,0
13743_2.jpg,-4.4281936,-9.964727,1.3294964,1,0
14130_4.jpg,-5.0189304,-21.402725,1.7906543,1,0
11673_6.jpg,-11.489272,-2.778135,1.5355053,1,0
14270_6.jpg,3.643744,2.7471292,-8.6835575,1,0
6906_3.jpg,-24.422033,-9.705496,-7.6106763,1,0
14275_5.jpg,40.971344,-1.8709811,-10.2055235,1,1
10486_1.jpg,-5.1567693,-1.6734238,2.8068545,1,0
14579_5.jpg,16.614187,-2.2919967,-10.65368,1,0
11675_3-1.jpg,36.760887,-1.7773306,1.673274,1,1
11948_2.jpg,-0.83713657,-5.7042365,-0.10693315,1,0
6805_2.jpg,-7.4265776,14.79314,-1.394949,1,0
14321_5.jpg,-23.825449,-3.7545967,0.77994096,1,0
14487_2.jpg,9.905068,-6.2714133,-4.8942714,1,0
15918_2.jpg,9.829441,-7.94273,-3.3045123,1,0
11929_2.jpg,-8.436766,-4.1260295,3.707787,1,0
15877_2.jpg,24.995853,14.102837,-3.9172091,1,1
12196_2.jpg,3.8204048,-8.225757,-2.8772812,1,0
14025_3.jpg,11.80172,-4.89455,2.5406587,1,0
11657_1-1.jpg,-12.963755,2.8554325,-7.3670316,1,0
14312_1.jpg,3.2346134,7.675671,1.7441927,1,0
14286_2.jpg,-3.230639,-13.455587,1.3750257,1,0
14190_6.jpg,2.9379344,-4.6095586,3.2970634,1,0
14029_6.jpg,-4.113237,-9.817696,-1.0516407,1,0
16152_2.jpg,-6.994348,-20.267649,10.371869,1,0
11607_6.jpg,3.3915534,2.4496784,-4.8483806,1,0
13807_6.jpg,9.1514015,2.7739868,5.433569,1,0
14481_3.jpg,-2.2346938,-4.832346,0.43141928,1,0
12322_4.jpg,-9.517298,-18.047806,17.717743,1,0
8387_4.jpg,-6.6777616,-6.3366804,3.7388098,1,0
11465_3.jpg,-14.037132,5.019326,-16.990297,1,0
10536_5.jpg,-0.478403,-3.068602,-5.9763427,1,0
13983_1.jpg,-10.576064,-4.428066,6.694681,1,0
10517_4.jpg,-2.8896594,5.6932187,-9.801518,1,0
13286_4.jpg,-12.949565,6.575931,0.057131387,1,0
14270_5.jpg,-5.485472,7.355521,0.67853457,1,0
13759_3.jpg,3.2777147,12.9196615,-1.7092558,1,0
15687_1.jpg,-2.3222942,-1.3976785,-2.2655122,1,0
11617_5.jpg,0.820131,9.157577,3.5937698,1,0
14021_4.jpg,1.9660763,12.590654,-7.8161473,1,0
13753_6.jpg,16.305237,10.767393,-8.534032,1,0
13472_6.jpg,12.16435,12.676039,-7.220517,1,0
14034_5.jpg,-2.0607138,-0.7363544,0.062397845,1,0
14032_6.jpg,0.32333478,-3.8385682,9.68239,1,0
14066_6.jpg,-2.7522454,-3.4928138,-2.886454,1,0
10292_4.jpg,-2.6661236,-6.380761,-1.7406789,1,0
14318_4.jpg,2.4232166,10.976516,1.5211256,1,0
14753_4.jpg,-9.140231,6.813281,-0.54660434,1,0
15872_5.jpg,-6.4672823,-4.527626,-0.41979653,1,0
12202_5.jpg,-0.72168916,-6.4114122,-0.34490895,1,0
14323_2.jpg,6.317346,-4.7504606,-1.9223869,1,0
15498_4.jpg,9.515554,7.9064646,-6.8820043,1,0
14318_5.jpg,-8.55906,7.88134,4.4568753,1,0
11675_3.jpg,9.462565,3.83463,4.2526693,1,0
15842_4.jpg,-12.764549,-4.021825,-0.17132586,1,0
13797_6.jpg,-9.527702,3.3933992,-5.015632,1,0
16300_2.jpg,-4.0048585,-13.925967,-5.208812,1,0
10555_4.jpg,0.9191739,-1.3178552,-6.918508,1,0
11657_4-1.jpg,23.367594,-41.998882,8.81712,1,1
14257_5.jpg,10.781315,26.564228,-1.4182899,1,0
13210_id.jpg,0.024135776,-0.36257994,1.275314,1,0
15877_4.jpg,-16.305202,-3.4022572,1.2730554,1,0
14015_5.jpg,-6.470224,3.8418486,9.692572,1,0
14023_3.jpg,-1.0578358,3.1673894,1.2710592,1,0
12282_1.jpg,3.9850128,13.226197,3.4408715,1,0
14120_3.jpg,-3.629497,-9.52003,5.98757,1,0
13808_5.jpg,2.887217,-6.306634,-7.7806907,1,0
11948_1.jpg,-3.5459642,-10.72073,7.1755195,1,0
13472_2.jpg,2.1502395,6.3312044,-3.0605564,1,0
14030_3.jpg,-4.1366405,-5.3187585,-3.0880005,1,0
13778_1.jpg,-13.361899,-6.2647758,6.384735,1,0
14623_3.jpg,0.009123221,-6.8106627,-2.3827796,1,0
13733_2.jpg,3.2495832,-15.430431,0.05575727,1,0
14024_1.jpg,5.113912,-13.45772,-2.6329916,1,0
13682_2.jpg,11.314336,-1.1999661,-6.3086867,1,0
13793_5.jpg,-3.9491923,-1.4001745,-5.315451,1,0
15568_4.jpg,-6.10683,1.9684435,-7.1352844,1,1
13807_1.jpg,2.0323744,10.340199,2.6991088,1,0
14025_2.jpg,8.450689,-11.385249,-2.9287758,1,0
11657_3.jpg,-1.4028666,-12.424503,0.9489286,1,0
11535_5.jpg,1.1327156,-7.185798,1.2955607,1,0
15692_6.jpg,-2.095604,0.41067126,2.681442,1,0
14015_2.jpg,-3.5648687,-5.1568193,20.108898,1,0
14261_5.jpg,-0.9439383,-6.7474737,-4.6993895,1,0
13799_1.jpg,1.5578532,0.5629568,-2.3021345,1,0
14121_6.jpg,-0.95456356,-5.585387,-0.20557158,1,0
11732_1.jpg,-7.1243725,-16.500517,10.171629,1,0
14123_4.jpg,3.256509,-0.74875534,2.5548708,1,0
14302_5.jpg,0.2358762,3.8524895,-0.26637986,1,0
13808_2.jpg,-2.3065958,-2.046737,-4.4616065,1,0
13222_3.jpg,2.7568269,-7.2975116,4.336555,1,0
13741_6.jpg,9.802374,-8.951609,-6.4916058,1,0
11829_id.jpg,-3.3087695,8.451945,-2.656233,1,0
16250_3.jpg,3.648954,-4.5273137,2.5869763,1,0
9597_4.jpg,-8.606341,-5.750373,-3.2844224,1,0
12050_1.jpg,-0.7121136,10.973631,0.8813147,1,0
13927_3.jpg,0.074432835,-2.9960017,-1.4343785,1,0
13354_5.jpg,-19.904781,-1.4169427,6.454131,1,0
11733_4.jpg,-0.7139909,14.213135,-0.8724952,1,0
14361_2.jpg,3.4986722,-1.7430754,-2.6900828,1,0
13733_5.jpg,-5.0029154,-3.449462,4.325804,1,0
14577_4.jpg,9.022641,-7.006865,-6.7339063,1,1
14488_1.jpg,-1.3227891,-10.112284,0.43343887,1,0
12197_3.jpg,1.1888866,15.478998,5.5942516,1,0
14395_1.jpg,2.0184608,-1.9364629,9.959356,1,0
11923_4.jpg,4.865882,-5.214101,1.9728492,1,0
13742_2.jpg,1.6769272,5.5156574,-1.7085696,1,0
13775_6.jpg,-8.4531,5.188965,2.0340424,1,0
14312_5.jpg,1.6539589,10.919358,0.5960155,1,0
11871_id.jpg,2.9965954,6.7369556,2.9791052,1,0
13771_3.jpg,-4.316009,6.832144,1.8914196,1,0
11657_3-1.jpg,19.062737,-26.065325,4.8570714,1,1
13729_3.jpg,1.2072287,-12.157271,2.0796216,1,0
15405_3.jpg,-10.244663,-11.078296,5.4179316,1,0
14361_3.jpg,-0.90043813,5.956828,-2.1272519,1,0
11702_1.jpg,0.79905987,7.44533,0.9157766,1,0
16054_3.jpg,-0.048450522,-5.647548,7.163968,1,0
15556_4.jpg,-6.58716,4.054998,12.306261,1,0
14126_3.jpg,1.993438,1.0121942,-1.3306782,1,0
10786_3.jpg,-1.8300917,-6.864441,1.433445,1,0
14026_6.jpg,-1.6069863,-9.694188,1.6090423,1,0
6777_4.jpg,6.1338916,15.887518,5.1009827,1,0
13807_5.jpg,0.48792696,2.9869287,5.806867,1,0
14186_1.jpg,-6.818783,-0.49689278,0.40664092,1,0
15009_6.jpg,-1.0714886,10.184597,0.53171253,1,0
10536_6.jpg,8.363407,-0.123869926,-5.6430864,1,0
10458_5.jpg,3.8927834,1.4103318,-6.722515,1,0
15370_5.jpg,5.5784326,0.7526553,-0.15420434,1,0
14127_4.jpg,11.55229,-22.672697,7.793777,1,0
11926_3.jpg,-1.1616758,-18.177675,2.4012148,1,0
13813_2.jpg,-6.7870903,-7.7330146,1.1780604,1,0
14482_3.jpg,-0.9919207,-1.1042783,-0.6465224,1,0
14032_5.jpg,-1.524744,-4.129031,-1.990007,1,0
14261_3.jpg,-0.9439383,-6.7474737,-4.6993895,1,0
10486_2.jpg,-3.0593715,-6.063789,1.3190408,1,0
14677_5.jpg,1.8203455,-11.457929,-19.204695,1,0
11926_2.jpg,2.6576192,-14.6634245,-4.6520376,1,0
14118_3.jpg,-8.184383,-13.144541,1.0014595,1,0
11531_2.jpg,-17.55579,14.539197,6.0814753,1,0
14257_2.jpg,-7.348567,9.032725,-2.6299362,1,0
14795_3.jpg,-1.7854779,-9.207879,0.6469657,1,0
14030_4.jpg,-0.8451112,-6.355231,-7.161015,1,0
14488_4.jpg,-6.416525,-10.97175,2.7627492,1,0
14622_4.jpg,-4.275205,-5.0944715,-2.2373383,1,0
13799_2.jpg,1.5578532,0.5629568,-2.3021345,1,0
13088_id.jpg,4.0003085,2.462811,-2.819925,1,0
13767_2.jpg,-2.3098006,-0.4132787,-6.8236904,1,0
15568_2.jpg,-11.916906,2.8887455,0.18124552,1,0
16207_1.jpg,-3.2511399,-4.860079,2.0026436,1,0
12204_2.jpg,-6.5890694,-7.080016,7.795447,1,0
16007_4.jpg,-3.095058,0.864621,0.28276527,1,0
13762_1.jpg,-8.362283,4.4120398,6.159809,1,0
12198_2.jpg,-4.141515,-2.0147936,-2.6660652,1,0
8424_5.jpg,-0.93840384,-3.7568526,3.5772955,1,0
13755_2.jpg,7.704832,10.123144,-16.452768,1,0
12329_3.jpg,-13.4053135,-10.413521,0.67836994,1,0
14117_2.jpg,1.8880109,-15.389196,-0.049077637,1,0
16250_1.jpg,4.2468433,-8.879713,3.198032,1,0
12054_4.jpg,-11.250005,10.661903,1.0378467,1,0
13750_6.jpg,7.178456,2.0408075,-1.6339607,1,0
14287_3.jpg,17.974823,6.882219,0.068820104,1,0
12193_3.jpg,-7.940008,-14.131377,3.0148664,1,0
15689_6.jpg,-18.728746,-10.512624,4.7401743,1,0
16322_5.jpg,-19.749304,14.553556,-4.7671404,1,0
15405_2.jpg,-3.8043234,8.331112,-11.872167,1,0
14319_1.jpg,3.0493991,-13.030391,-1.2777321,1,0
13351_3.jpg,-1.7669909,0.8123051,-0.6055116,1,0
10563_1.jpg,14.041497,9.8105955,2.9023979,1,0
11617_4.jpg,3.4733531,-3.5783808,1.8812605,1,0
14130_1.jpg,4.046086,-27.995884,7.1075993,1,0
13743_4.jpg,-12.396494,6.559897,3.0158648,1,0
11675_2-1.jpg,23.159761,-5.6519513,11.92072,1,1
13755_1.jpg,-4.7735114,-0.18886526,7.191989,1,0
15425_4.jpg,-4.5100746,-10.933632,-0.1728081,1,0
14081_1.jpg,4.6379814,-3.8998518,-2.8881164,1,0
13806_6.jpg,5.3311954,-5.0206165,3.4431405,1,0
14029_4.jpg,-4.113237,-9.817696,-1.0516407,1,0
13736_2.jpg,1.746443,2.5450256,12.691967,1,0
12994_id.jpg,0.35714892,5.639329,-1.9040658,1,0
6779_3.jpg,1.6535361,1.1144267,-1.877751,1,0
11926_1.jpg,3.9409583,-29.052979,-14.946444,1,0
12034_1.jpg,-2.2754567,-0.7447164,-13.590003,1,0
11922_3.jpg,-1.3193983,-21.579138,-2.0139344,1,0
12483_1.jpg,3.8972301,-7.167774,-6.126963,1,0
13807_3.jpg,4.8311257,12.580524,3.9306326,1,0
11734_1.jpg,-4.889247,4.219828,-1.3043191,1,0
10536_4.jpg,-0.14057839,-0.7761535,-6.8664284,1,0
11732_4.jpg,-8.183346,-6.7831254,13.6130495,1,0
13351_4.jpg,2.2157574,-6.669038,-3.4417286,1,0
11536_1.jpg,4.207025,-1.6454937,-0.84669304,1,0
13795_6.jpg,-1.3429134,-6.6269703,1.4201945,1,0
16320_5.jpg,-44.135048,7.8863664,3.6165264,1,0
13751_2.jpg,-2.0438123,-9.71378,-8.400621,1,0
6777_1.jpg,-3.2425091,1.4830014,-2.4859881,1,0
13764_2.jpg,-2.3758688,-13.447912,5.1316013,1,0
13754_3.jpg,-10.572016,0.50513303,8.08841,1,0
14678_2.jpg,-2.4146574,-16.640114,-4.042062,1,0
15224_1.jpg,-17.933619,-9.2314415,-3.2212617,1,0
13851_1.jpg,-3.167608,-16.273638,3.7447343,1,0
13734_4.jpg,-2.8958406,-16.692064,9.820582,1,0
14579_4.jpg,-4.622125,-8.785872,1.2005124,1,0
10561_1.jpg,0.73862946,-21.087006,-0.50737816,1,0
14270_3.jpg,1.5506467,-5.668265,-0.19890192,1,0
16104_4.jpg,-11.916804,13.130025,-7.746557,1,0
14034_4.jpg,-3.1670418,-1.3130742,3.7798738,1,0
11529_id.jpg,0.9326842,-7.079015,-2.0365655,1,0
14725_2.jpg,9.95461,-23.42152,-1.1740685,1,0
15411_1.jpg,0.52363783,22.396576,2.5710478,1,0
11617_1.jpg,4.723739,-7.779807,2.2924795,1,0
11936_2.jpg,-0.044874486,6.287345,2.1556885,1,0
14278_2.jpg,-0.1689903,-2.1368368,-2.1318908,1,0
14127_2.jpg,-0.12361742,-24.651909,-0.44591117,1,0
15590_5.jpg,19.360342,18.241222,1.7028008,1,1
10294_5.jpg,-3.9435034,-6.1996703,-2.2317994,1,0
12322_1.jpg,-7.386889,1.1032677,-0.70403427,1,0
14623_2.jpg,0.68264854,-14.656014,-0.55873334,1,0
13752_1.jpg,-3.5240726,-16.211403,1.5753558,1,0
12329_1.jpg,3.1476188,-6.3932996,-0.7620994,1,0
14622_2.jpg,-3.697617,-5.9719906,-3.6471097,1,0
14309_5.jpg,1.4056134,13.771507,4.0354137,1,0
11699_4.jpg,-7.400254,-9.897677,-0.7757249,1,0
11531_3.jpg,10.571516,-0.8917139,8.958912,1,0
14257_6.jpg,19.561789,9.410956,-0.771677,1,0
12782_2.jpg,9.399623,4.1546373,9.190968,1,0
12324_2.jpg,7.0807643,-6.997921,4.731062,1,0
16054_2.jpg,-8.103111,-1.5577928,9.497656,1,0
10293_1.jpg,-2.0776489,5.4041796,-0.025201343,1,0
13764_4.jpg,-4.029205,-9.981726,1.1279664,1,0
14324_3.jpg,-3.8302968,-20.961699,-7.0188503,1,0
11728_2.jpg,-3.2936895,-14.961612,3.3246832,1,0
10563_2.jpg,14.760728,13.183578,-4.7297854,1,0
14121_4.jpg,-2.1252162,-11.545656,19.380285,1,0
14620_2.jpg,1.7707095,-8.469312,-11.526547,1,0
11728_4.jpg,-8.761967,-10.90641,13.004151,1,0
13752_4.jpg,-4.916127,-14.38742,-1.3647667,1,0
14120_1.jpg,2.0519276,-1.2796179,1.8547884,1,0
8387_id.jpg,-2.7401397,-0.3701666,-0.90054905,1,0
13061_3.jpg,2.0908985,-8.7552185,-3.5756674,1,0
15009_4.jpg,-6.2652283,12.948227,-2.984858,1,0
14266_5.jpg,4.964329,-12.217615,11.679665,1,0
13771_5.jpg,5.5803328,-3.6118128,-2.050918,1,0
14795_5.jpg,-12.156025,-10.68037,-10.863663,1,0
14753_3.jpg,-4.8004065,1.669496,-0.37382483,1,0
14618_4.jpg,1.6375161,-7.956129,0.70781505,1,0
12053_4.jpg,-3.7572033,2.5735047,1.0728301,1,0
13750_4.jpg,6.137797,6.2929564,8.624139,1,0
11927_5.jpg,2.781066,-8.735699,-2.6368682,1,0
15971_4.jpg,3.2964246,1.5298111,-0.4783631,1,0
14795_2.jpg,-4.6441574,-9.562967,-2.3045018,1,0
14020_4.jpg,-3.648519,-8.833869,1.1797003,1,0
12198_1.jpg,0.8633029,-5.3542733,-2.420936,1,0
12782_4.jpg,26.971603,-1.416647,-11.988911,1,0
12205_1.jpg,-13.779412,-3.5518525,1.1080544,1,0
10786_1.jpg,-1.9593872,-16.411734,8.838897,1,0
13737_id.jpg,3.5076272,-7.532014,-1.2537875,1,0
11734_3.jpg,-3.7179353,5.2824736,-4.121343,1,0
11924_2.jpg,-3.6237879,-7.058528,5.3483553,1,0
10292_3.jpg,0.99563956,-8.61045,1.0900075,1,0
11733_2.jpg,-9.879669,13.960646,-1.5325178,1,1
14081_3.jpg,7.275548,-5.378336,-4.8116574,1,0
12198_6.jpg,-3.4448607,-7.2109637,-3.3645625,1,0
14623_6.jpg,-2.189,-4.2830944,-0.54904664,1,0
15425_3.jpg,-4.523678,-5.501979,-4.9538674,1,0
15498_2.jpg,13.879348,-2.2306883,-7.6872373,1,0
13872_6.jpg,4.8710346,4.4531655,-15.820711,1,0
13678_6.jpg,2.6720417,-12.026025,-5.067611,1,0
14484_1.jpg,1.0811536,-10.549213,-0.11846185,1,0
15350_5.jpg,-2.1670535,2.0203238,2.821732,1,0
11829_1.jpg,-7.402386,3.4605114,-1.9473598,1,0
13851_2.jpg,5.6919694,-11.348135,1.5352939,1,0
8387_1.jpg,4.006091,-4.999795,-7.0131454,1,0
11673_5.jpg,-40.538593,-4.5098705,-3.0824134,1,1
12053_6.jpg,-9.570933,1.3308079,7.3346553,1,0
12197_5.jpg,-1.3333769,4.621887,6.7675486,1,0
11922_id.jpg,1.8819082,-10.39069,1.2615362,1,0
14068_3.jpg,-6.0036206,1.7340562,3.0768683,1,0
14490_1.jpg,-3.749296,-0.06798282,1.2843595,1,0
11871_1.jpg,-1.7180465,-9.978112,-20.57273,1,0
13210_2.jpg,-1.6665095,8.399449,1.9560272,1,0
14270_4.jpg,8.16942,1.1553099,-9.998226,1,0
16320_3.jpg,-27.736227,-19.806452,16.580736,1,0
10607_4.jpg,-2.834249,-7.157153,0.59485966,1,0
15267_4.jpg,34.092987,12.154599,-8.742827,1,0
13764_5.jpg,1.0058602,-21.139532,0.49609545,1,0
12198_3.jpg,-5.163399,-1.9557064,3.5525813,1,0
11942_5.jpg,4.4097815,4.3337083,-0.6818773,1,0
13353_4.jpg,-9.771243,-8.320826,-4.019257,1,0
14029_2.jpg,-4.113237,-9.817696,-1.0516407,1,0
12573_2.jpg,-5.8591294,-3.2142406,-13.9971695,1,0
15350_4.jpg,6.2197495,5.038486,-1.9232126,1,0
8388_3.jpg,-1.5884728,-8.013783,-0.9722155,1,0
14186_5.jpg,-6.818783,-0.49689278,0.40664092,1,0
14249_3.jpg,1.1512046,-4.891173,0.633117,1,0
14297_1.jpg,-5.692085,7.0548596,1.9849111,1,0
12034_5.jpg,-4.451458,-5.749242,1.0007694,1,0
13061_5.jpg,-3.8172898,-4.0859103,-2.7199583,1,0
12035_4.jpg,13.359384,14.72213,-3.2914352,1,0
10517_2.jpg,0.12065132,5.2545333,-3.8027418,1,0
14302_4.jpg,9.3797245,-1.0056459,-0.4539355,1,0
14623_5.jpg,0.8414015,-6.479931,-1.6525574,1,0
12865_4.jpg,-3.5518622,-5.3156,-3.8190134,1,0
14287_5.jpg,11.387695,6.215886,9.550846,1,1
11657_5-1.jpg,10.511897,-9.534563,14.762674,1,0
12324_4.jpg,4.240129,-11.251678,-1.0720205,1,0
13397_6.jpg,2.414899,-10.24897,-0.8480803,1,0
12202_4.jpg,1.722331,-7.4581127,-2.004082,1,0
10145_3.jpg,-0.53411466,-1.531914,2.774885,1,0
12847_2.jpg,-10.052983,-4.0951614,-0.6694956,1,0
14818_3.jpg,23.173332,9.680708,-2.530671,1,0
11731_5.jpg,1.2382911,6.4156685,-3.3729963,1,0
14026_2.jpg,2.5743046,-7.8566084,2.8926728,1,0
13917_3.jpg,11.915854,-1.293522,-3.9519315,1,0
11734_5.jpg,-0.55176127,6.29005,-5.3813643,1,0
14618_1.jpg,7.883817,-14.002813,-2.1626601,1,0
15590_6.jpg,22.762146,17.17304,0.72408384,1,1
13762_2.jpg,-10.998094,-2.0825555,-3.0075753,1,0
14275_4.jpg,39.8598,-1.9768935,-22.610035,1,1
12483_2.jpg,1.8316904,-6.396158,-5.5537486,1,0
14480_2.jpg,9.074944,-12.502609,-1.9156276,1,0
14577_2.jpg,4.5310283,-6.257248,-2.6430156,1,0
12053_3.jpg,-0.009733622,2.579159,-1.932344,1,0
13801_1.jpg,-5.3339653,-0.52172685,-0.6079199,1,0
13775_2.jpg,1.4877343,1.8187606,0.54312426,1,0
12054_3.jpg,-6.4610853,11.935099,-0.8669516,1,0
14723_5.jpg,-8.141499,-3.7832394,-3.4613996,1,0
10168_2.jpg,1.457771,2.2401433,-2.969827,1,0
12050_2.jpg,-0.7276563,4.6062603,2.8266678,1,0
13737_5.jpg,-1.432823,4.2335744,1.0103157,1,0
15405_5.jpg,-9.73565,-8.8294935,14.637557,1,0
12197_1.jpg,2.1639388,10.633345,-1.959844,1,0
13397_3.jpg,2.4399772,-16.311954,1.1672474,1,0
13851_5.jpg,-1.451891,-8.627735,4.7836018,1,0
10757_3.jpg,0.5347107,8.640336,5.4108424,1,0
10513_2.jpg,5.5429235,9.051319,0.9718222,1,0
14323_4.jpg,6.4250402,-3.7373133,-0.6772538,1,0
14249_4.jpg,3.6296635,4.302921,2.3273983,1,0
15240_6.jpg,7.7077136,-1.7283188,0.47886756,1,0
12845_3.jpg,-5.508245,-4.233392,-2.9882312,1,0
10535_1.jpg,-0.21737868,-5.6397657,2.9005191,1,0
11732_3.jpg,-14.232718,-7.4080276,12.2570305,1,0
14678_4.jpg,-3.4490545,-17.55504,-2.7610834,1,0
13983_3.jpg,1.8410814,-1.5901035,1.5775157,1,0
12050_5.jpg,0.9284593,-0.75216466,1.1738584,1,0
14246_6.jpg,4.5198965,-4.945989,3.5895948,1,0
13762_6.jpg,-6.237692,-13.847798,1.8671495,1,0
14395_3.jpg,9.057362,-2.162027,4.0278735,1,1
10559_5.jpg,1.3242348,-7.4955044,3.197942,1,0
14244_4.jpg,-10.490223,15.328849,10.544319,1,0
14025_4.jpg,-12.918893,-32.068527,9.752261,1,0
16206_3.jpg,-3.8186653,-4.198643,3.290499,1,0
13806_2.jpg,5.3311954,-5.0206165,3.4431405,1,0
6805_3.jpg,-1.002467,14.917146,-2.0125585,1,0
15344_4.jpg,0.8078835,-22.121265,5.3147283,1,0
14753_1.jpg,1.2992306,4.9350014,-4.1406426,1,0
15464_1.jpg,-4.76707,-3.5192862,0.55796784,1,0
13962_2.jpg,6.57589,-11.826397,-2.7546256,1,0
10607_1.jpg,1.1020598,-3.5280356,0.5219582,1,0
15425_1.jpg,-2.0264516,-7.2531385,-2.7545033,1,0
14324_4.jpg,5.518019,-12.06917,1.4556017,1,0
10294_3.jpg,-8.895254,-17.10218,7.3708997,1,0
15020_4.jpg,-25.603512,2.8198438,-3.2929542,1,1
12202_2.jpg,-3.0011232,-7.0798554,-2.1237679,1,0
10559_2.jpg,0.058404773,-7.978718,1.601975,1,0
14033_3.jpg,2.3174226,-10.750174,2.9388816,1,0
10292_2.jpg,2.6119297,-5.0475073,-6.5533624,1,0
14313_3.jpg,6.4704294,-5.1288886,-7.3400707,1,0
11529_3.jpg,-2.1608107,-4.4759707,-1.4075496,1,0
14791_4.jpg,7.0666924,-2.1594398,1.6152939,1,0
13088_1.jpg,8.85873,-2.6606288,-11.206288,1,0
14168_3.jpg,-2.336347,-8.541119,2.2044935,1,0
14484_2.jpg,0.50746435,-12.488845,0.6491643,1,0
11728_5.jpg,21.146854,-10.23679,-4.3947053,1,1
13872_4.jpg,-0.4953342,0.89808387,6.771116,1,0
13766_4.jpg,3.2276297,2.04916,2.2291002,1,0
13750_2.jpg,20.348673,20.741941,-0.42948842,1,0
13778_2.jpg,-5.4800844,-4.189878,-1.29129,1,0
11675_1-1.jpg,-14.303582,-14.363154,9.115488,1,1
11942_4.jpg,12.875322,5.5484643,-3.8068566,1,0
14117_1.jpg,7.0519032,-10.981334,-1.1552285,1,0
13927_1.jpg,-4.481836,-8.657917,0.9516275,1,0
13224_3.jpg,28.224367,-7.832083,0.526962,1,1
12199_3.jpg,0.17939351,-1.9960991,4.284512,1,0
14278_1.jpg,0.30546013,-2.871409,-1.4409645,1,0
11657_2-1.jpg,3.913454,-19.15982,7.458734,1,1
14287_1.jpg,6.145284,8.888573,4.675783,1,0
10458_4.jpg,-0.6865024,-5.747354,-4.7600236,1,0
14323_3.jpg,3.476642,-8.378088,0.80231404,1,0
14267_3.jpg,3.6502757,-6.1688557,4.1038914,1,0
12050_4.jpg,-0.5360276,3.3199742,3.8156667,1,0
14251_1.jpg,-0.4858613,-2.0366943,-1.3466067,1,0
11535_1.jpg,5.270556,-11.3236265,2.1538734,1,0
16322_1.jpg,-27.607504,13.151437,-7.1063585,1,0
13754_4.jpg,-3.2358298,-11.844144,9.046716,1,0
14677_4.jpg,8.153894,-6.723322,-28.074512,1,0
15461_2.jpg,-2.3604605,-0.95136386,-1.6110379,1,0
12845_2.jpg,-12.471786,13.313721,1.0004654,1,1
14490_5.jpg,-1.1592747,-8.459823,-7.588068,1,0
12847_5.jpg,-5.205295,-6.3766923,-1.4361572,1,0
11731_3.jpg,10.799403,17.685034,3.808812,1,0
13088_2.jpg,6.9784575,1.1147882,-7.983261,1,0
10294_1.jpg,-6.8842835,-10.63875,4.6968136,1,0
13737_1.jpg,-0.5134082,-0.5716524,1.0469255,1,0
14138_6.jpg,-0.5698181,-2.280599,1.6286321,1,0
13962_4.jpg,-4.3633466,-14.824793,0.08016779,1,0
8387_2.jpg,-1.1927627,-7.736949,-2.3587124,1,0
14168_2.jpg,0.10804055,-9.2191515,-2.8810756,1,0
13900_2.jpg,0.10709443,-10.922498,0.3336238,1,0
13775_5.jpg,-5.7632775,17.727404,0.112104475,1,0
15903_1.jpg,0.59578717,14.954268,-1.6149486,1,0
12034_2.jpg,-4.221471,7.049041,16.692154,1,0
13801_5.jpg,-5.3339653,-0.52172685,-0.6079199,1,0
14033_1.jpg,2.3174226,-10.750174,2.9388816,1,0
14256_5.jpg,2.0115213,-9.105317,2.9877076,1,0
13210_5.jpg,-3.7823505,10.1577635,-1.422244,1,0
10766_3.jpg,-18.699461,6.1793985,-0.6849358,1,0
10537_3.jpg,2.9577205,-3.8512793,-6.0189123,1,0
12035_3.jpg,30.445456,12.971482,0.69024074,1,0
14119_1.jpg,4.5001187,14.521861,6.309174,1,0
14248_6.jpg,6.1588273,22.755875,-6.6389413,1,0
14250_3.jpg,-4.556121,-1.0668197,-2.5303543,1,0
14138_1.jpg,10.858985,-3.7134173,-1.3732806,1,0
12282_6.jpg,2.6849558,5.5547533,4.3288994,1,0
12845_4.jpg,-6.3903933,0.2987545,1.6686742,1,0
14186_6.jpg,-6.818783,-0.49689278,0.40664092,1,0
13962_1.jpg,-1.2133213,-17.158104,-2.4412105,1,0
12847_4.jpg,-9.427664,-4.0387354,-0.42205724,1,0
13838_5.jpg,-1.1780375,10.596689,-0.31007564,1,0
13354_3.jpg,-16.124569,3.6614811,-7.8013043,1,0
12036_1.jpg,1.8069984,5.1888676,5.7910905,1,0
10458_3.jpg,-2.1329472,-5.1669493,-4.0930877,1,0
10786_2.jpg,-3.9721005,-7.5635195,6.7064714,1,0
13838_3.jpg,-2.476314,6.9412675,3.710803,1,0
14315_4.jpg,1.7091919,-6.497791,-1.5639048,1,0
15498_3.jpg,12.268666,0.32246786,-5.801312,1,0
12282_id.jpg,-0.2828509,-0.8707492,4.6835294,1,0
13792_5.jpg,6.0406713,25.206038,-3.5363595,1,0
11535_3.jpg,3.8061419,-4.658356,-3.7056162,1,0
14270_2.jpg,5.5792313,-3.5705307,-9.6494875,1,0
14261_1.jpg,-0.9439383,-6.7474737,-4.6993895,1,0
14753_2.jpg,-6.907281,3.5564454,0.21069823,1,0
13678_3.jpg,1.7176023,-17.784542,-7.791973,1,0
16265_4.jpg,0.38311985,1.1631995,0.64221054,1,0
13838_4.jpg,1.8093915,22.58533,0.92760545,1,0
14020_3.jpg,-0.8183289,0.3780229,-6.0752563,1,0
15498_1.jpg,7.170124,-2.78389,6.0293875,1,0
13851_6.jpg,-4.8309546,-8.234673,9.266515,1,0
9838_1.jpg,-1.2590613,-6.399306,-9.0239935,1,0
12201_4.jpg,-6.219101,-10.88747,4.26958,1,0
14487_3.jpg,16.170248,-7.184861,-11.404112,1,0
11732_2.jpg,-6.2377725,-6.581118,3.2520082,1,0
14015_4.jpg,-5.198354,9.716054,9.928718,1,0
14256_4.jpg,1.7279173,-9.904446,2.2491403,1,0
11529_2.jpg,4.3518543,5.3432837,2.352414,1,0
13472_3.jpg,17.650585,5.281097,-7.1413264,1,0
11942_1.jpg,8.545151,0.8398316,1.1538186,1,0
12483_3.jpg,2.79371,-4.8633056,-6.463007,1,0
14484_6.jpg,3.1497095,-16.242277,-7.0121126,1,0
14309_1.jpg,2.5787213,3.93755,-0.93769866,1,0
13351_1.jpg,-7.512336,-8.794943,-3.2957575,1,0
14068_4.jpg,5.128431,8.6069355,2.2011628,1,0
13802_4.jpg,-4.520791,5.7661557,2.9986243,1,0
6805_1.jpg,-1.4145596,7.1109357,7.550707,1,0
13061_2.jpg,-0.058279656,-16.931833,-4.9769444,1,0
15350_2.jpg,1.1879262,1.3048208,-4.2077413,1,0
12035_5.jpg,-3.7026904,15.691003,1.2373071,1,0
14021_5.jpg,-0.9211018,9.135656,1.7345585,1,0
13801_2.jpg,-5.3339653,-0.52172685,-0.6079199,1,0
13222_6.jpg,-2.3453455,-0.14159411,5.11308,1,0
14297_3.jpg,4.3444653,7.2402067,7.068897,1,0
12324_1.jpg,1.0633587,-7.419913,2.454182,1,0
10555_1.jpg,0.9571917,1.1679369,-3.9511652,1,0
11925_2.jpg,-0.93719745,-14.139685,-10.331684,1,0
13767_1.jpg,-2.9371934,3.5104475,6.548447,1,0
14122_3.jpg,-0.8580123,-15.828039,-3.370699,1,0
15464_2.jpg,7.542232,-7.8347874,16.193277,1,0
11922_2.jpg,4.865541,-2.2579327,-0.81374556,1,0
12204_1.jpg,-10.0403,-8.603659,3.6992977,1,0
14122_5.jpg,-9.314155,0.9161471,-13.690403,1,0
13759_6.jpg,0.7572299,-7.7269998,-0.28843066,1,0
11680_3.jpg,-14.646214,12.933644,-6.6954217,1,0
14123_6.jpg,4.0983734,-0.7987942,-0.8632163,1,0
12189_4.jpg,8.59173,-2.2405624,23.987585,1,0
13222_1.jpg,1.7485528,-4.81578,5.593919,1,0
13061_6.jpg,-1.8457873,-2.324089,-3.184925,1,0
6800_6.jpg,-18.022104,3.2970915,3.4412696,1,0
14278_6.jpg,9.693309,-2.0979896,-5.374351,1,0
13224_5.jpg,-2.4237473,-4.279209,-4.6617217,1,0
14301_1.jpg,0.22455083,-2.3276513,3.697538,1,0
14313_5.jpg,2.0893357,-5.757349,-4.754326,1,0
14121_1.jpg,-2.731695,-8.663474,1.7135278,1,0
13753_1.jpg,0.1912674,7.097392,-1.9962752,1,0
12260_3.jpg,5.4035783,-9.260003,-4.0010343,1,0
14267_1.jpg,7.7619553,-11.684071,1.8937236,1,0
12196_4.jpg,3.1541226,-9.675822,-0.5196615,1,0
15692_1.jpg,-1.2247839,-1.523026,2.3030374,1,0
12865_5.jpg,-1.1071866,1.5150937,-6.993949,1,0
12994_2.jpg,2.9076338,9.785477,-11.923328,1,0
14190_3.jpg,-0.020863043,-3.436104,4.4425006,1,0
14818_4.jpg,3.5571995,5.1151295,-10.810554,1,0
12192_3.jpg,-0.47666943,-3.0896828,-0.75622934,1,0
11922_1.jpg,4.0669003,-21.758432,-0.39140126,1,0
15350_6.jpg,-13.906135,-6.4290423,3.6356273,1,0
9597_1.jpg,0.1690426,6.693728,-7.675315,1,0
11673_2.jpg,-0.43786287,-1.6046021,-2.5073867,1,0
10536_1.jpg,2.643729,-5.580807,-9.492693,1,0
13621_4.jpg,1.5184437,-1.5220417,-6.452238,1,0
11680_5.jpg,-5.561095,-2.5854878,9.13452,1,0
14317_5.jpg,-5.3442245,-7.676591,1.5063034,1,0
10666_2.jpg,-7.90672,3.5695584,0.27861038,1,0
14033_2.jpg,2.3174226,-10.750174,2.9388816,1,0
14249_5.jpg,11.309452,-8.7211075,9.187224,1,0
14119_2.jpg,-5.1288247,7.41316,0.10013078,1,0
14256_6.jpg,3.3266873,-8.148089,2.5690393,1,0
13734_6.jpg,-2.7936172,-16.66636,7.572961,1,0
14249_6.jpg,10.386312,-4.460345,1.141595,1,0
13351_id.jpg,-0.3311438,-6.682757,-3.831736,1,0
14618_2.jpg,-0.3612013,-11.327468,0.7122927,1,0
13808_6.jpg,3.6425009,-11.802141,-22.95485,1,0
11536_3.jpg,6.696976,-7.3640933,1.4123294,1,0
13808_4.jpg,0.31954485,-3.87162,-2.5701706,1,0
15425_5.jpg,-8.34091,-10.663383,-2.110809,1,0
13737_3.jpg,-1.2128627,2.1396317,-3.3355453,1,0
14020_1.jpg,1.6190594,-8.907826,-2.274052,1,0
10583_4.jpg,2.0895374,0.26076925,-7.94305,1,0
13793_3.jpg,-0.0075068157,3.0234594,-5.877537,1,0
13793_4.jpg,-2.349845,-1.286276,-5.021568,1,0
15687_5.jpg,-4.034633,-2.6529052,-1.8569071,1,0
13793_6.jpg,2.1035006,-10.583056,-2.5640948,1,0
9597_2.jpg,16.739819,6.115951,-4.0505533,1,0
11699_1.jpg,-5.1452985,-6.4253974,5.689198,1,0
13088_4.jpg,6.2241845,0.85219014,-7.384649,1,0
16300_1.jpg,-2.3535297,-23.374392,2.723051,1,0
14257_1.jpg,3.5683916,12.377179,-6.27973,1,0
13986_5.jpg,5.858722,-2.9856484,5.840099,1,0
11617_6.jpg,-0.25975475,-1.5794394,3.731607,1,0
11363_3.jpg,-0.0306195,-2.5864697,2.017655,1,0
13797_2.jpg,-9.902815,-1.4732218,1.1822503,1,0
10556_1.jpg,-4.123381,-10.518676,7.8808804,1,0
13355_2.jpg,-12.458899,-7.097315,1.1651064,1,0
12329_6.jpg,3.451736,-7.490303,-4.1442456,1,0
14246_5.jpg,-7.203763,7.8045855,-11.48613,1,0
16275_4.jpg,-4.5709653,7.8627434,-8.640785,1,0
13566_3.jpg,-0.6701004,1.0068156,-19.273697,1,0
16152_5.jpg,-4.92407,-6.5901847,4.731525,1,0
15590_4.jpg,19.214417,15.635199,1.8310964,1,1
16265_1.jpg,5.1887894,-2.0761178,-2.3719325,1,0
13917_2.jpg,15.23046,-7.9591317,-3.9432392,1,0
14248_1.jpg,-1.7599835,-3.722233,-3.0806634,1,0
13750_5.jpg,6.499872,-1.3101865,0.24478792,1,0
12200_4.jpg,4.8781886,-16.08929,1.1570235,1,0
13734_3.jpg,-10.006272,-15.936706,4.002721,1,0
14024_2.jpg,-3.3968556,-14.317653,-0.89172465,1,0
13808_1.jpg,-1.6464949,6.4963713,3.7319412,1,0
14122_2.jpg,3.737856,-13.009592,-4.202587,1,0
12190_5.jpg,15.629877,3.6463208,-3.4576619,1,0
14319_2.jpg,-4.4879823,2.484143,1.4192876,1,0
15411_4.jpg,0.43785566,23.636833,0.2436651,1,0
14257_4.jpg,1.9938564,17.466427,-2.7599351,1,0
16206_1.jpg,-2.6557066,-4.650801,0.25775775,1,0
15556_5.jpg,1.5457261,6.6341553,1.6308224,1,0
11829_2.jpg,5.52855,1.3751444,-14.650926,1,0
12053_2.jpg,-4.0073047,0.94571257,11.052333,1,0
16152_6.jpg,0.24883017,-7.3682494,0.78042936,1,0
13808_3.jpg,-0.9119252,-2.5785182,-5.85203,1,0
9838_3.jpg,3.7918646,-8.328827,4.785582,1,0
11925_3.jpg,8.339291,-12.837198,-5.4826236,1,0
14034_1.jpg,1.4214463,-1.4311789,-2.58374,1,0
11942_id.jpg,7.104278,3.3562331,0.8230194,1,0
11925_6.jpg,-4.078138,-21.213501,5.4957695,1,0
16152_1.jpg,-2.811783,-8.851536,6.00205,1,0
11680_2.jpg,4.421516,7.90819,5.894631,1,0
14317_3.jpg,0.98287,-6.8985076,-0.9533412,1,0
15872_3.jpg,-9.381153,-1.9076612,-0.69297165,1,0
6805_4.jpg,0.9176431,15.346389,-2.5792265,1,0
10536_3.jpg,1.9634905,2.124461,15.37118,1,0
13397_id.jpg,2.6218274,-7.163792,-0.11338671,1,0
13753_3.jpg,-8.871771,3.1089654,-3.591447,1,0
14480_3.jpg,8.429024,-9.759307,-3.4029596,1,0
11729_2.jpg,-2.1901608,16.079727,-0.35675055,1,0
15150_5.jpg,3.931498,-1.6253809,-3.5077987,1,0
13796_4.jpg,-1.6222172,-8.356433,-3.1645207,1,0
13743_3.jpg,0.5596415,-0.24175201,-2.900022,1,0
15853_1.jpg,2.6903527,-3.5722208,-3.3289366,1,0
13397_1.jpg,53.183434,-8.4488,-15.146106,1,1
11942_6.jpg,4.149286,9.763078,-0.90369076,1,0
15877_5.jpg,-23.648907,4.5459485,3.2208045,1,0
14315_5.jpg,-5.828285,-10.360684,7.010302,1,0
12282_2.jpg,-0.105029,17.753521,4.4476795,1,0
10145_1.jpg,1.0306414,-3.5052264,4.272733,1,0
10293_2.jpg,-5.3134027,18.41176,-4.298781,1,0
8424_id.jpg,-4.4511395,2.4558861,6.168195,1,0
14484_3.jpg,-4.6990747,-10.202638,0.025133856,1,0
13850_2.jpg,-4.39968,0.6701821,-4.1917157,1,0
14122_1.jpg,9.889373,-10.083141,-4.648883,1,0
11673_id.jpg,3.781071,-0.41084516,0.510098,1,0
14249_1.jpg,-2.121735,-2.4223557,-5.821447,1,0
15556_6.jpg,-28.687498,4.385595,7.6300035,1,0
13803_3.jpg,-5.5534086,-4.807439,0.08828888,1,0
15687_3.jpg,2.0167065,-5.4520364,0.29297554,1,0
13838_6.jpg,-22.002264,5.219104,11.899309,1,1
14321_1.jpg,6.652909,-5.2570987,2.0755737,1,0
13797_5.jpg,-4.864116,-12.437456,6.483615,1,0
11728_1.jpg,5.8485274,-15.920866,-1.6339397,1,0
14065_2.jpg,-1.6483326,1.894891,1.3299078,1,0
11733_id.jpg,-3.911481,1.8872936,0.47414225,1,0
16152_4.jpg,-8.237768,-6.0099144,2.595808,1,0
11733_5.jpg,0.28409776,16.87804,-0.99723744,1,0
16207_6.jpg,-14.520589,-0.5491561,5.0757747,1,0
8424_4.jpg,-0.9017463,3.9956717,1.2413874,1,0
16007_2.jpg,0.0895557,9.055651,-9.838381,1,0
14790_3.jpg,-6.466737,-11.123778,10.063129,1,0
13351_5.jpg,-3.3609793,-1.2530333,-0.6513959,1,0
13802_6.jpg,-4.520791,5.7661557,2.9986243,1,0
14678_5.jpg,-4.803655,-15.228174,-2.408439,1,0
13802_2.jpg,-4.520791,5.7661557,2.9986243,1,0
13813_1.jpg,-8.318291,-5.309288,-1.1024927,1,0
10292_5.jpg,-3.0849395,-8.058496,-0.46852195,1,0
13802_5.jpg,-4.520791,5.7661557,2.9986243,1,0
14480_4.jpg,11.953446,-15.303436,-2.0026016,1,0
10605_1.jpg,-3.1955304,-11.356972,1.1767566,1,0
14015_6.jpg,19.896427,-0.9016311,13.666216,1,0
13958_3.jpg,-6.672704,-7.3976445,4.720008,1,0
15900_3.jpg,-32.88462,-5.941223,10.14763,1,1
11925_5.jpg,-3.1320415,-21.043602,3.613959,1,0
12322_2.jpg,-6.8096485,-4.459577,-2.922874,1,0
13286_5.jpg,-12.923699,1.1241763,-0.26673985,1,0
15344_3.jpg,12.633904,-24.104895,-2.3102286,1,0
13803_2.jpg,-4.785986,-11.31279,5.6892953,1,0
14118_4.jpg,-8.184383,-13.144541,1.0014595,1,0
12189_2.jpg,-0.7377283,0.22493826,6.062527,1,0
14123_5.jpg,5.9371195,-2.800192,0.84947234,1,0
12197_2.jpg,-6.899182,22.453777,22.476292,1,0
14190_4.jpg,-2.898466,-1.7719016,3.5799282,1,0
13799_5.jpg,1.5578532,0.5629568,-2.3021345,1,0
12053_5.jpg,-8.286908,-3.484916,0.26635107,1,0
13900_1.jpg,-2.9799106,-12.799787,-1.7488725,1,0
15464_6.jpg,-10.924178,-16.482378,3.0263376,1,0
14053_2.jpg,-4.434778,-10.094027,-0.5088422,1,0
14620_5.jpg,6.535275,-9.473213,-9.681285,1,1
14121_2.jpg,-8.201307,-9.842693,1.7777268,1,0
12324_5.jpg,4.9988523,-11.16994,-1.2483376,1,0
12193_1.jpg,-0.38695756,-18.345474,1.2631943,1,0
13771_1.jpg,-4.5249357,-3.3879044,-2.4953196,1,0
14032_4.jpg,0.71063757,-4.9303117,5.110824,1,0
11617_2.jpg,-2.4008794,6.6653347,5.523266,1,0
12282_3.jpg,-1.4726586,14.614182,3.392539,1,0
14124_2.jpg,-6.474676,-6.2308664,-0.2522587,1,0
14481_4.jpg,10.471158,-6.720937,-14.284673,1,0
14023_1.jpg,8.436683,-0.5276784,12.6733265,1,0
13838_1.jpg,-2.0723126,10.172754,0.7589141,1,0
14818_2.jpg,13.718517,-2.4913414,-8.744445,1,0
12196_3.jpg,2.3331494,-4.7148447,1.1252226,1,0
10605_2.jpg,-5.275344,1.2350843,5.2667727,1,0
8388_2.jpg,-8.790651,-16.44081,6.5266533,1,0
15224_5.jpg,-9.313136,-4.233688,-1.3697633,1,0
14480_1.jpg,10.465071,-9.113693,-3.3665807,1,0
11929_1.jpg,-3.6252465,-4.9840264,0.038040183,1,0
10757_1.jpg,-13.961284,10.2556505,0.5898812,1,0
15267_3.jpg,20.27535,27.576593,-0.088041015,1,0
14677_6.jpg,-2.784706,-9.26441,-9.670964,1,0
14579_3.jpg,-8.31223,-2.753736,2.0748053,1,0
8449_1.jpg,9.4349575,-7.707921,-13.527959,1,0
10513_1.jpg,-6.341836,-2.127403,4.1471734,1,0
8387_3.jpg,-3.8124506,-6.5179806,3.04128,1,0
13733_4.jpg,-5.2568808,-3.1772683,4.4179296,1,0
12035_6.jpg,-7.399273,13.294986,4.096191,1,0
13751_1.jpg,12.863469,-6.7301826,2.214981,1,0
14309_4.jpg,-3.8352044,7.757912,1.7961352,1,0
14313_2.jpg,6.960388,-4.641336,-6.797437,1,0
15568_3.jpg,-12.63021,11.386178,-3.1419804,1,0
13682_1.jpg,7.7414136,-3.0063725,-6.707805,1,0
13584_1.jpg,-4.2160487,-3.0198727,0.32904983,1,0
13733_1.jpg,0.80468047,-0.6219716,-1.4244604,1,0
14753_5.jpg,1.5146402,9.837173,-3.3581195,1,0
11680_1.jpg,20.680891,3.7059376,6.466726,1,0
15692_3.jpg,-4.624385,3.1556015,1.4521345,1,0
15568_1.jpg,-14.833648,1.6667564,1.5190468,1,0
13210_6.jpg,-11.444121,6.8215265,-1.8009771,1,0
14266_3.jpg,0.9957621,-24.05168,-20.521553,1,0
12051_2.jpg,5.653669,-7.294279,21.1928,1,0
13355_6.jpg,-16.856308,-4.7276707,-2.255167,1,0
16250_4.jpg,10.817914,-8.246537,-0.5941595,1,0
14482_4.jpg,11.541661,0.9945842,-1.7579771,1,0
12322_3.jpg,-3.866094,-3.753098,-7.038477,1,0
13759_4.jpg,2.8479378,-6.798462,-2.8088527,1,0
12994_6.jpg,0.14524733,9.321589,-1.2940195,1,0
10513_5.jpg,3.477145,-5.0458007,5.336334,1,0
14027_6.jpg,-9.252794,-7.644972,-5.8395433,1,0
15461_5.jpg,12.138535,-0.79157263,-1.2728238,1,0
11829_3.jpg,-8.220002,5.9200463,2.708767,1,0
11732_id.jpg,6.2008967,-8.874633,-6.9765215,1,0
13352_1.jpg,-6.48314,-11.844497,-2.6631474,1,0
14523_1.jpg,11.653952,8.381396,-2.462535,1,0
14818_5.jpg,5.4426904,15.916551,-4.0512204,1,0
14119_3.jpg,-1.2616673,1.6548475,3.1915026,1,0
11936_1.jpg,4.636074,-14.137629,6.2700744,1,0
13210_4.jpg,33.87125,9.2362995,-1.7573774,1,1
13354_6.jpg,-20.270336,1.9334663,2.9094408,1,0
14315_3.jpg,-8.606952,-6.3052497,4.6187243,1,0
14121_3.jpg,-7.9505196,-17.416628,17.5116,1,0
14317_2.jpg,-4.080058,1.6826454,0.5720577,1,0
11465_1.jpg,-4.7471066,7.340908,-9.54516,1,0
13210_3.jpg,-2.3536525,10.076179,6.70855,1,0
13805_4.jpg,2.7795749,-3.5039508,-0.98534065,1,0
13803_5.jpg,-1.4051671,-11.684181,0.68573403,1,0
13795_1.jpg,-2.8881528,-11.832726,1.448499,1,0
10766_4.jpg,-3.2553926,7.6802077,-7.154299,1,0
10294_4.jpg,-4.554259,-10.702672,6.282096,1,0
13286_3.jpg,-2.0294569,14.136013,-4.307639,1,0
12034_3.jpg,-8.793046,-3.335582,-1.569239,1,0
16275_3.jpg,-4.3475165,-9.51063,-11.084305,1,0
11363_2.jpg,0.91224575,-1.8623625,3.1830857,1,0
12202_1.jpg,0.849239,-10.358564,-0.9847491,1,0
12192_4.jpg,0.22278517,-2.278589,-0.4398452,1,0
14321_3.jpg,4.803465,-3.0127063,-8.869089,1,0
14677_2.jpg,13.824521,7.639456,-15.149335,1,0
14024_3.jpg,-0.9271357,-16.155342,-0.3249142,1,0
13850_5.jpg,3.3868935,15.535174,-5.905913,1,0
14287_6.jpg,12.158983,4.5220776,4.5448394,1,0
13736_6.jpg,17.959558,7.201857,6.3630366,1,0
13743_5.jpg,3.9444425,-4.406265,0.9460028,1,0
14319_4.jpg,-2.096837,-9.629269,3.8593802,1,0
14725_3.jpg,6.171621,-21.642866,-3.7787523,1,0
13766_1.jpg,1.8866003,-1.4156339,-7.5239806,1,0
11702_2.jpg,1.627267,1.8202654,-2.600973,1,0
14313_4.jpg,6.8898425,-8.080871,-6.3652635,1,0
11702_3.jpg,1.3947142,2.732221,-4.3063416,1,0
10145_4.jpg,1.4073676,-4.4196467,1.3714786,1,0
15903_4.jpg,-1.4432466,4.429494,-2.3140817,1,0
10766_id.jpg,-3.4651866,8.165305,-8.67844,1,0
15900_2.jpg,-13.557522,-9.268982,5.999196,1,1
10537_1.jpg,-3.3043482,-6.4496093,-1.2391998,1,0
13850_3.jpg,-12.238743,-3.6966555,-2.6246293,1,0
14120_6.jpg,-6.0093284,-8.579486,17.538061,1,0
15872_1.jpg,-4.621271,-0.956108,-3.7170756,1,0
12203_2.jpg,-6.984376,-8.740682,1.244844,1,0
15971_6.jpg,16.28972,5.4163356,-1.8655815,1,0
15872_2.jpg,-3.6239192,-5.5316644,4.2096424,1,0
10583_1.jpg,2.6033213,-7.22005,-3.352624,1,0
14026_4.jpg,-7.738242,-4.062417,2.427352,1,0
15405_1.jpg,-1.9469752,0.49250016,3.8370564,1,0
16320_6.jpg,4.264323,4.659252,-8.060357,1,0
6779_4.jpg,1.2018517,2.386969,-2.3339202,1,0
14138_3.jpg,7.7141824,-23.589237,-3.8112648,1,0
14317_6.jpg,-2.3342953,-0.8718465,3.3317876,1,0
14065_6.jpg,-0.50157243,6.0565352,2.095068,1,0
12051_1.jpg,1.2231383,-15.438828,-6.72406,1,0
15350_3.jpg,3.57676,5.3864636,-1.8588701,1,0
13737_2.jpg,0.12459579,2.2437422,-0.98942053,1,0
13962_5.jpg,-3.5873358,-13.9818535,0.28777623,1,0
11936_4.jpg,-3.2635133,-4.0894723,6.8272476,1,0
16322_6.jpg,-23.40054,12.177257,-2.544662,1,0
13682_6.jpg,2.1478238,-6.056082,-9.911921,1,0
13983_2.jpg,12.340698,18.997936,-15.775928,1,0
16104_3.jpg,4.359281,4.768659,-0.28265727,1,0
14266_1.jpg,-16.138523,-14.831333,1.0566384,1,1
13734_1.jpg,-7.4244404,-16.352314,0.81171244,1,0
15370_2.jpg,11.145223,3.5954416,-11.446245,1,0
14791_1.jpg,8.775825,2.7761521,-11.599747,1,0
16054_4.jpg,-3.3787773,-2.7133176,6.574203,1,0
14127_5.jpg,-9.267018,-20.435713,26.751034,1,0
14577_3.jpg,10.48643,-16.470882,-5.0344925,1,1
13958_1.jpg,-4.1877527,-4.5258994,0.13483898,1,0
14287_4.jpg,7.730428,7.762716,6.472534,1,0
14322_4.jpg,-11.075181,-0.037139643,4.5282187,1,0
14319_5.jpg,-3.9585426,-4.1002917,4.306022,1,0
11675_5.jpg,-19.309465,8.74977,-0.50127435,1,0
13793_2.jpg,0.19622467,-2.4836748,-4.902861,1,0
13927_6.jpg,0.19396774,-2.453638,-2.1467395,1,0
13927_2.jpg,-2.7489889,-11.076753,-0.12552604,1,0
15853_2.jpg,-0.55513686,-9.307221,-2.346293,1,0
15224_3.jpg,-12.803222,-0.8110714,0.55139655,1,0
14256_3.jpg,-7.2954164,-15.540293,2.2810802,1,1
14256_1.jpg,1.3146188,-13.243544,0.42937943,1,0
11942_2.jpg,7.204932,6.80332,-1.7036583,1,0
10563_6.jpg,-4.7407002,-0.49558365,-4.7349296,1,0
10556_4.jpg,-2.420869,-15.869674,-2.5450497,1,0
12189_3.jpg,-4.9811254,-3.3810806,5.1463237,1,0
15689_1.jpg,-13.661358,-0.79734313,4.7524147,1,0
14246_1.jpg,-0.032869432,1.629606,-3.494071,1,0
11948_5.jpg,77.1211,-13.0855875,-14.386316,1,1
15370_4.jpg,2.082502,0.14237852,0.6175354,1,0
11923_1.jpg,2.641448,-3.126043,0.78024095,1,0
11728_6.jpg,-10.018399,2.5828023,10.426453,1,0
11607_1.jpg,1.3798453,-1.2961764,-0.11275719,1,0
12867_4.jpg,1.0308303,4.3335404,-3.6528585,1,0
11731_1.jpg,10.002125,23.194866,3.7079296,1,0
14244_5.jpg,-10.802189,12.679006,7.599296,1,0
14190_5.jpg,0.8717275,2.1740706,1.9394656,1,0
12324_3.jpg,-2.3308675,-6.8153896,-0.5781853,1,0
13351_2.jpg,-4.0073104,1.1666868,-12.900336,1,0
13799_4.jpg,1.5578532,0.5629568,-2.3021345,1,0
13796_2.jpg,0.07853518,-5.322719,-2.530476,1,0
15877_1.jpg,17.002663,17.626545,-5.5739474,1,0
11734_2.jpg,-2.0482225,5.559503,4.930725,1,0
12566_3.jpg,-3.794407,3.8118534,-1.0346972,1,0
13958_6.jpg,-6.4759607,-2.5057209,0.7410818,1,0
14030_6.jpg,8.559037,-1.8089902,-4.865196,1,0
13917_4.jpg,9.665503,-4.5202703,-5.8016925,1,0
14322_1.jpg,-5.4760127,5.8347774,-3.6939137,1,0
10563_5.jpg,-12.223542,0.7218769,-3.2051518,1,0
13962_3.jpg,-9.038366,-18.348476,0.9606548,1,0
13754_5.jpg,-3.6715076,-2.3787632,12.029414,1,0
10561_2.jpg,-1.204203,-13.47635,-2.8087614,1,0
12566_1.jpg,-2.6846664,-3.449035,-4.0131397,1,0
13775_1.jpg,-7.668306,-0.14096761,5.458023,1,0
12199_1.jpg,-0.6920208,-2.8268,-3.3375866,1,0
14818_1.jpg,14.071406,2.6057396,-8.523139,1,0
13584_4.jpg,0.05030434,16.326227,-0.30655366,1,0
12847_1.jpg,-15.58872,9.921368,-4.966799,1,0
15411_3.jpg,-0.71424437,26.478403,1.6826649,1,0
10559_3.jpg,-1.5107642,-6.1571436,3.6183462,1,0
14324_6.jpg,-3.0066626,-4.7816586,-2.6070237,1,0
12201_2.jpg,-12.415022,-6.1808925,2.6104789,1,0
14023_5.jpg,3.086575,-3.7601125,21.103117,1,0
11535_2.jpg,1.8486754,-8.588291,0.39536166,1,0
14065_1.jpg,0.58328635,4.0274854,1.8562881,1,0
12204_6.jpg,-5.912916,-11.92751,6.7220864,1,0
13850_4.jpg,-9.263324,-3.3021157,-3.182254,1,0
14678_6.jpg,-2.7071772,-15.549372,-3.3515959,1,0
12782_id.jpg,3.68441,-12.329378,2.4900079,1,0
15903_2.jpg,4.080866,-5.886042,-10.567262,1,0
14250_4.jpg,6.251475,5.059628,-2.641301,1,0
13771_4.jpg,-11.319403,-7.8334417,2.4345245,1,0
14248_5.jpg,-25.232494,8.484292,11.45446,1,0
11729_1.jpg,-2.3356102,14.860932,0.92792684,1,0
15267_6.jpg,5.970635,8.37704,0.6594338,1,0
13210_1.jpg,-6.437042,-0.09036368,7.0444837,1,0
11927_1.jpg,3.8088799,-10.327014,-2.9119892,1,0
6800_4.jpg,-24.529478,7.914406,1.969726,1,0
10513_3.jpg,-4.1566563,-5.616955,0.32077017,1,0
14021_3.jpg,4.0330963,-6.5193634,-0.7422798,1,0
12358_2.jpg,1.5475069,-4.2728796,0.96729654,1,0
14302_1.jpg,4.3943505,2.6442857,-2.3710732,1,0
15689_4.jpg,-18.894115,-7.923534,5.6297092,1,0
14120_5.jpg,19.682474,-2.1770175,-20.350967,1,0
14186_2.jpg,-6.818783,-0.49689278,0.40664092,1,0
14066_2.jpg,-1.8625025,-2.1004548,-2.548322,1,0
11673_1.jpg,-0.47423267,5.3037,-8.8204365,1,0
9729_4.jpg,-3.43626,10.374567,-12.702442,1,0
13729_4.jpg,-1.1545248,-9.885633,3.0519621,1,0
16007_3.jpg,22.140038,-8.383797,27.411764,1,0
14023_6.jpg,6.9647927,-2.2017374,10.188075,1,0
13566_6.jpg,-4.990275,-18.126114,5.536055,1,0
14313_6.jpg,6.17352,-10.881257,-1.6806098,1,0
15842_5.jpg,-25.60557,4.124875,-4.4883294,1,0
16275_2.jpg,-17.29847,-1.4387268,6.195196,1,0
14026_3.jpg,-5.261402,-6.5246906,2.3002787,1,0
11607_5.jpg,2.6141078,7.596404,-0.7991153,1,0
13838_2.jpg,-8.728929,11.2949705,6.7039275,1,0
15556_1.jpg,3.7690628,3.0879726,5.0453715,1,0
13750_1.jpg,3.1971164,-3.1212137,6.2777724,1,0
14029_5.jpg,-4.113237,-9.817696,-1.0516407,1,0
16275_1.jpg,-12.010083,1.0489687,-0.19859502,1,0
10465_1.jpg,7.051458,-5.1361074,-1.2964369,1,0
13801_4.jpg,-5.3339653,-0.52172685,-0.6079199,1,0
10766_2.jpg,3.1333761,4.438448,-7.060753,1,0
12994_5.jpg,-2.576663,8.795109,-1.3899045,1,0
13355_5.jpg,-20.319857,-1.4678792,-1.1144534,1,0
15009_2.jpg,1.4428596,11.556185,0.77291286,1,0
11929_id.jpg,-4.288606,-0.38211432,3.98509,1,0
16320_1.jpg,-1.8248079,9.673826,2.2181644,1,0
13354_4.jpg,-12.483329,-0.26244953,-1.3682365,1,0
13742_3.jpg,1.7601697,3.1204455,-1.310366,1,0
14488_3.jpg,-3.1821313,-7.719548,-3.642214,1,0
15370_1.jpg,11.249953,-3.2211187,-4.9154606,1,0
13584_3.jpg,1.4369802,5.2855554,-2.1028767,1,0
14577_5.jpg,5.2549214,-5.5799594,-8.119617,1,1
15009_3.jpg,-4.745001,14.046438,-0.724624,1,0
14130_3.jpg,-3.3713706,-20.3509,7.6097584,1,0
14244_3.jpg,-12.196315,13.428939,10.359085,1,0
12200_1.jpg,6.9066443,-10.447904,-0.19337541,1,0
14025_6.jpg,4.8609695,-1.6519799,-3.9793746,1,0
14261_4.jpg,-0.9439383,-6.7474737,-4.6993895,1,0
14312_4.jpg,8.826703,10.255839,-1.8225482,1,0
12050_3.jpg,-0.67306435,10.126861,4.527998,1,0
10605_5.jpg,-12.023246,5.9487367,-2.477296,1,0
15425_2.jpg,-14.931502,-10.591676,3.37174,1,0
13958_2.jpg,-3.7476335,0.73654765,-3.129022,1,0
13222_id.jpg,4.276027,-2.8911593,1.8907676,1,0
14246_4.jpg,-5.1291494,5.717529,-15.139584,1,0
16250_2.jpg,2.108588,-5.5143995,0.48585597,1,0
13353_5.jpg,-2.7832084,-3.3577929,-2.996924,1,0
15971_5.jpg,-0.80890733,1.3126512,0.94955766,1,0
12994_1.jpg,3.0113533,6.7309937,-1.3973229,1,0
13792_6.jpg,-3.729746,4.3250613,-3.7142859,1,0
13767_5.jpg,2.4399827,3.3385851,-2.807258,1,0
12203_1.jpg,-2.8786845,-11.955727,1.847545,1,0
15464_4.jpg,-5.0873733,-1.8034756,3.8132105,1,0
12035_2.jpg,-4.037447,13.293697,-5.6396265,1,0
14753_6.jpg,-1.765565,12.048565,-2.2192736,1,0
14620_3.jpg,-5.5608253,-10.389911,-9.461134,1,0
13792_4.jpg,-5.978237,-1.9413718,-4.7413144,1,0
8388_4.jpg,-3.3311987,-9.662026,-1.5176423,1,0
14678_3.jpg,-0.27068216,-10.283703,-4.9787807,1,0
13797_4.jpg,2.1078687,1.6274323,-0.62375426,1,0
13730_3.jpg,-13.747544,-14.351574,17.710377,1,0
13872_5.jpg,4.0783105,4.0685067,5.5758357,1,0
14081_2.jpg,5.1664987,-2.97957,-3.6988084,1,0
14124_4.jpg,-8.233477,-18.29477,-3.4693055,1,0
15853_3.jpg,-5.9629464,-2.2426643,0.73545367,1,0
11729_4.jpg,5.752317,30.990477,2.119083,1,1
13354_2.jpg,-1.7146078,-0.75373566,1.3804251,1,0
14126_5.jpg,3.9922397,1.721152,10.467579,1,0
9838_2.jpg,11.502389,1.6341448,2.7381046,1,0
16054_5.jpg,-3.729798,-6.6404862,0.34642744,1,0
10513_4.jpg,-5.341656,-5.1647677,2.5785823,1,0
12054_2.jpg,-6.942096,11.746681,-1.6554581,1,0
15892_2.jpg,-11.654581,-0.88568896,13.188312,1,0
14790_2.jpg,-9.595547,16.864145,-2.8119674,1,0
14275_3.jpg,44.350582,-2.0393698,-13.677133,1,1
14297_2.jpg,5.153458,5.5012264,-1.0946343,1,0
14678_1.jpg,-0.46598402,-11.492321,-3.1410055,1,0
14490_3.jpg,-2.0570188,-1.2984337,2.1731553,1,0
14579_1.jpg,-8.493392,3.4628658,5.837034,1,0
11673_3.jpg,-1.1796719,-2.6682193,-6.2119207,1,0
10536_2.jpg,-2.5832455,2.941624,7.310457,1,0
12358_id.jpg,4.09715,1.6371859,-1.8860968,1,0
11924_3.jpg,-5.960796,-8.603244,2.780805,1,0
15687_4.jpg,-4.825512,-6.4892664,0.7496444,1,0
13621_5.jpg,21.448814,-4.886715,-6.3153186,1,0
14120_4.jpg,-3.1849015,-12.020858,17.835125,1,0
11675_4-1.jpg,3.8462734,-2.3249638,5.5158043,1,0
16206_4.jpg,-15.920634,-8.053996,3.2491505,1,1
12189_6.jpg,-1.0162497,-9.877465,2.5916586,1,0
11924_5.jpg,0.10024611,-7.186363,-7.3348155,1,0
15853_5.jpg,1.2340277,-3.2733111,2.8351698,1,0
14723_6.jpg,-2.1544123,0.9542536,-4.6759977,1,0
8388_5.jpg,-10.479029,-5.120372,-0.6230891,1,0
12782_1.jpg,-0.93408126,-5.8671427,1.9965417,1,0
14023_2.jpg,-0.3593436,0.19220723,18.30124,1,0
14168_6.jpg,-7.4824595,-10.136019,17.827053,1,0
12190_1.jpg,-4.377305,-2.8791957,13.565807,1,0
14020_2.jpg,0.443625,0.87138265,0.5294116,1,0
10757_2.jpg,-15.654934,5.5482097,-4.2714143,1,0
14026_5.jpg,-2.5927536,-5.888003,2.4945912,1,0
14482_5.jpg,20.643,4.3156123,-14.523901,1,0
14267_4.jpg,-10.625109,-3.5587428,1.6302049,1,0
12329_2.jpg,17.95737,-4.911085,-1.2110521,1,0
15020_2.jpg,-21.06325,6.3832307,1.3050461,1,0
15689_2.jpg,-7.110999,-0.34386262,-0.3438624,1,0
13927_5.jpg,1.1469057,-1.4956828,-3.2175372,1,0
10294_6.jpg,-6.2006493,-5.1895556,1.9147117,1,0
13792_3.jpg,-1.8210887,-7.7539086,-8.461959,1,0
14577_1.jpg,11.675577,-5.994475,-4.6367617,1,0
10607_3.jpg,-7.500268,1.1852046,0.8954726,1,0
16322_2.jpg,-24.16478,11.685003,-7.036019,1,0
11923_2.jpg,-10.732836,2.0619576,2.7026572,1,0
6906_id.jpg,-22.259716,-14.358402,-4.019809,1,0
11529_1.jpg,18.395117,15.248271,17.647472,1,0
14488_2.jpg,-2.7416704,-8.944837,-2.5857365,1,0
13397_4.jpg,2.7006254,-18.087967,0.30402,1,0
14361_5.jpg,2.9494047,-0.46356753,10.010893,1,0
12199_2.jpg,1.2398889,-2.8915527,-2.2988355,1,0
14066_5.jpg,-1.7229571,-1.8981733,-3.7872405,1,0
13986_3.jpg,-4.709921,9.933605,12.867493,1,0
13224_2.jpg,7.295342,7.1605883,5.4509616,1,0
12573_3.jpg,16.617878,1.6855175,-0.4253788,1,0
13355_id.jpg,5.1093006,2.0013921,0.50996953,1,0
14791_2.jpg,17.3528,-3.0348969,-3.3582478,1,0
14118_6.jpg,-8.184383,-13.144541,1.0014595,1,0
11531_4.jpg,3.303255,-0.9341789,-5.3625574,1,0
13767_3.jpg,4.668511,4.5455847,-1.8943213,1,0
13797_3.jpg,-9.64063,-0.29351935,1.5799007,1,0
8424_2.jpg,-7.044393,-3.4269042,6.7953005,1,0
13900_6.jpg,-7.249703,-5.526341,-0.21036439,1,0
14127_3.jpg,9.330221,-15.444946,22.6773,1,0
14302_2.jpg,9.115778,-0.49651137,-3.218352,1,0
14168_4.jpg,-5.3532343,-20.931662,6.980902,1,0
15692_2.jpg,2.3927362,8.382417,-7.103744,1,0
15224_2.jpg,-23.443325,-13.9253,11.060635,1,1
13354_1.jpg,-5.813112,0.9290491,1.0905532,1,0
10535_3.jpg,-0.8732701,-0.46547925,5.9632044,1,0
14725_1.jpg,11.905103,-5.923273,-6.544649,1,1
14118_5.jpg,-8.184383,-13.144541,1.0014595,1,0
14318_6.jpg,-5.8575377,14.948922,3.7774,1,0
11536_2.jpg,5.7329264,-2.3012264,3.9095562,1,0
11925_1.jpg,-3.242126,-14.719755,11.119948,1,0
14065_3.jpg,-3.256336,4.5554957,0.39484462,1,0
13771_6.jpg,-2.0628529,-4.3415017,-3.4051263,1,0
15590_2.jpg,20.835575,14.153022,2.8734798,1,1
8388_6.jpg,-12.214335,-11.568131,3.8287876,1,0
14321_4.jpg,3.7382872,-8.709932,-0.28287503,1,0
12260_2.jpg,-1.729395,-14.243393,-0.4641419,1,0
16104_5.jpg,-10.011594,14.298554,-7.5716844,1,0
13762_4.jpg,-4.4897804,-1.9677668,-1.277713,1,0
11948_3.jpg,-6.3943467,-8.374693,5.363022,1,0
15461_3.jpg,-3.9178975,2.8788514,1.7025272,1,0
14302_6.jpg,2.765851,8.562695,6.0842814,1,0
12189_1.jpg,-15.372577,3.8478642,11.055042,1,0
12573_1.jpg,-0.5438168,-9.110161,-9.344954,1,0
14130_5.jpg,-1.4736873,-6.7029233,-5.8475623,1,0
15971_2.jpg,-1.5724183,-10.345696,1.864716,1,0
10563_4.jpg,-10.919794,-0.67254287,-2.4610553,1,0
11927_2.jpg,11.288328,-2.184015,-6.075591,1,0
6800_5.jpg,-17.108103,1.9077474,2.6263795,1,0
6779_1.jpg,3.3616683,1.2430675,-2.6562097,1,0
16007_5.jpg,-0.4994474,-1.1811217,-2.6371021,1,0
12199_4.jpg,4.70311,-0.35488275,0.54406756,1,0
14481_1.jpg,2.0498226,-5.9418416,-0.56103617,1,0
11680_4.jpg,2.022645,16.094076,-12.878812,1,0
14015_3.jpg,10.474238,-0.013879437,10.7783375,1,0
12867_1.jpg,-8.149913,-4.763808,14.211924,1,0
15892_4.jpg,-3.1244516,-8.12793,2.522574,1,0
14257_3.jpg,-60.111195,23.372433,-6.5035276,1,0
12189_5.jpg,-0.244259,-10.0929785,2.9505367,1,0
11734_4.jpg,4.013627,7.7892227,-6.2784567,1,0
15556_2.jpg,-11.338319,6.9251685,6.164611,1,0
12845_1.jpg,-5.2457056,17.277853,-1.6966542,1,1
10666_1.jpg,2.15428,-5.16124,2.94438,1,0
14725_5.jpg,12.13321,-23.834135,-5.5866547,1,0
13742_4.jpg,0.13796069,0.30483383,-1.0104403,1,0
15872_6.jpg,1.2272872,-0.5199797,-1.3008976,1,0
14119_5.jpg,-7.6541724,24.314486,-25.08141,1,1
10294_2.jpg,-7.126717,-13.786698,5.3244295,1,0
14323_1.jpg,1.1097311,-7.0089793,0.9287082,1,0
14318_2.jpg,-1.6541283,13.850591,2.3823605,1,0
13766_3.jpg,4.180569,2.4857938,2.8488758,1,0
13754_2.jpg,-8.845802,-12.714626,12.253161,1,1
14484_5.jpg,1.280899,-13.600453,-4.4211717,1,0
13797_1.jpg,-2.3509715,-5.0261297,-0.2540963,1,0
11699_2.jpg,-8.7180605,-19.888968,7.843186,1,0
14081_6.jpg,5.9088836,-6.6253295,-2.535667,1,0
13736_1.jpg,15.351847,-0.7980421,-1.5104195,1,0
14286_1.jpg,0.51482123,-13.8779745,0.46449006,1,0
10168_4.jpg,1.457771,2.2401433,-2.969827,1,0
13729_2.jpg,3.907191,-13.610793,0.53137594,1,0
14267_5.jpg,6.1925154,-22.90572,1.4849172,1,0
6800_3.jpg,-7.941485,10.781236,3.3577023,1,0
15842_1.jpg,7.203863,-4.1368856,3.8371723,1,0
10607_2.jpg,-6.209161,2.7901907,0.47263214,1,0
10145_5.jpg,2.0503814,1.9048651,-0.5741796,1,0
10517_3.jpg,-15.731363,17.910175,3.9314153,1,0
16250_6.jpg,5.8498697,-5.312601,-4.1650686,1,0
13397_5.jpg,1.8679113,-9.605567,-1.3524861,1,0
11675_4.jpg,-5.9099402,7.4864984,-5.8745775,1,0
12282_5.jpg,2.9785514,5.879619,4.1412497,1,0
11936_5.jpg,-0.055362467,-4.072288,1.7158935,1,0
12034_4.jpg,-4.878843,-7.5211473,1.6349915,1,0
14297_5.jpg,7.6285686,1.9721615,-1.1677933,1,0
14490_4.jpg,-3.3598185,-11.596325,-5.192842,1,0
10293_3.jpg,-6.319287,1.3574866,-1.5264381,1,0
14261_6.jpg,-0.9439383,-6.7474737,-4.6993895,1,0
11535_4.jpg,-5.328778,-9.912875,1.6863003,1,0
13397_2.jpg,5.8950963,-17.396584,-0.13157924,1,0
14126_2.jpg,2.6535084,-2.8875725,-0.42233363,1,0
14483_3.jpg,1.804336,-5.8641005,-2.7813487,1,0
8388_1.jpg,-3.5893726,-14.246432,0.35395643,1,0
14318_1.jpg,-0.23487169,23.414904,0.38125288,1,0
15411_2.jpg,2.4315646,26.126684,-9.190177,1,0
12203_3.jpg,-12.802425,-5.3839965,2.0390236,1,0
13353_2.jpg,-4.1120176,-6.1949077,2.6129236,1,0
14029_1.jpg,-4.113237,-9.817696,-1.0516407,1,0
13801_6.jpg,-5.3339653,-0.52172685,-0.6079199,1,0
14302_3.jpg,9.176145,-1.4488287,-0.6226943,1,0
14312_6.jpg,-5.1583242,6.4585023,1.856566,1,0
14487_1.jpg,-0.927191,-2.5014,-3.4535239,1,0
15971_1.jpg,2.3376906,-7.747875,0.29168767,1,0
14126_4.jpg,2.5515268,-3.9979029,-0.2664181,1,0
13796_6.jpg,13.478838,-6.2778726,2.9389818,1,0
14033_6.jpg,2.3174226,-10.750174,2.9388816,1,0
13983_6.jpg,-10.455087,-5.5354924,9.869843,1,0
10786_id.jpg,-2.1320543,-5.1839576,1.3083541,1,0
10561_3.jpg,-6.02763,-19.005404,2.6212819,1,0
14130_2.jpg,-1.9581975,-21.324087,0.8691888,1,0
13222_5.jpg,-3.1341267,3.5148177,3.6351066,1,0
14025_1.jpg,8.465773,-2.4288192,-2.3955386,1,0
12192_2.jpg,-0.83215696,-2.8815322,-1.648224,1,0
13566_5.jpg,-5.1103535,-18.01198,5.5457096,1,0
14723_1.jpg,-18.416182,-6.3909936,-0.7580314,1,0
13767_6.jpg,-9.9805565,10.338308,-7.1280785,1,0
15689_3.jpg,-17.618088,2.6732094,4.8869233,1,0
14480_5.jpg,9.714827,-9.361309,-3.8949318,1,0
15692_4.jpg,-6.237142,1.9082628,1.2096462,1,0
14186_4.jpg,-6.818783,-0.49689278,0.40664092,1,0
13566_2.jpg,-1.4394199,-10.730547,-9.049677,1,0
13806_5.jpg,5.3311954,-5.0206165,3.4431405,1,0
16265_3.jpg,-5.068406,0.66124344,4.7616987,1,0
11702_4.jpg,1.0657103,2.5106742,-4.6150093,1,0
9729_1.jpg,-6.21072,-18.428919,-0.8277217,1,0
14068_5.jpg,0.8081005,4.7120376,6.3820386,1,0
13222_2.jpg,1.7751158,-6.7305865,4.121622,1,0
14287_2.jpg,5.442547,7.0860085,1.7156237,1,0
12566_2.jpg,-2.232247,1.1090478,-1.5559503,1,0
11675_1.jpg,5.288899,-3.1500807,2.3868186,1,0
13983_4.jpg,-2.5804875,-4.985916,7.939422,1,0
11871_2.jpg,12.797218,4.341474,7.602476,1,0
10168_1.jpg,1.3040826,2.8072116,-0.63988596,1,0
14622_6.jpg,-5.899384,-8.812459,-3.8945527,1,0
13755_5.jpg,-4.089332,4.526096,-6.37515,1,0
12865_2.jpg,-4.7109947,8.073495,-6.282246,1,0
12782_5.jpg,-5.0037084,-8.287495,2.8102708,1,0
14190_1.jpg,6.2441306,-3.046344,1.5741647,1,0
15020_3.jpg,-28.255949,7.000611,-3.3406715,1,1
14312_2.jpg,0.46660054,9.513983,1.5666533,1,0
11536_4.jpg,-3.2179153,-2.63738,-0.8370574,1,0
12205_2.jpg,-0.7246325,-2.0762095,-5.4419756,1,0
14248_2.jpg,-3.969407,-5.3771133,-2.2046518,1,0
15009_1.jpg,3.3550036,8.38934,-3.6628964,1,0
16300_4.jpg,-5.488849,-18.699375,-1.2658753,1,0
13927_4.jpg,-0.8343122,-3.6462536,-1.3965822,1,0
14723_3.jpg,-7.51159,-4.6265464,2.072693,1,0
11733_3.jpg,-3.5489447,2.7473352,2.3222673,1,0
12782_6.jpg,-2.9216623,-11.058681,1.107327,1,0
10559_4.jpg,-55.354076,-28.500834,10.475518,1,0
14034_2.jpg,5.625718,-14.67771,-5.0336213,1,0
12994_4.jpg,0.3562027,6.5927024,-0.85981894,1,0
11936_3.jpg,-3.2637336,-3.1057677,1.3263506,1,0
13682_5.jpg,7.2104406,-3.6522202,-17.082624,1,0
14119_4.jpg,1.367331,-9.587087,1.5611699,1,0
14250_1.jpg,-7.8277316,-5.839989,-0.827451,1,0
13730_6.jpg,-3.6148584,-8.2983055,7.9912114,1,0
14118_1.jpg,-8.184383,-13.144541,1.0014595,1,0
14065_4.jpg,14.111861,2.370373,-11.936648,1,0
15556_3.jpg,22.779383,3.5921977,-18.293867,1,0
10486_4.jpg,-3.9049542,-11.323455,2.7437015,1,0
13737_6.jpg,-0.9991254,-12.116842,-0.76444536,1,0
13762_3.jpg,-5.694984,-1.2416579,-1.1066996,1,0
14723_4.jpg,-7.2859354,-5.0774274,1.9630349,1,0
13678_1.jpg,2.9326065,-15.367511,-1.3141444,1,1
14123_3.jpg,-2.7467308,0.23212962,1.7134088,1,0
10292_1.jpg,-1.683211,-5.945758,-4.389572,1,0
12036_4.jpg,-8.555208,4.987207,14.429333,1,0
11617_3.jpg,4.3903,3.628218,4.9739823,1,0
14795_1.jpg,-2.0292869,-9.682707,0.6182326,1,0
11657_4.jpg,7.2979293,-12.093566,-7.0045667,1,0
13767_4.jpg,1.1156515,-1.0077065,-8.301694,1,0
14118_2.jpg,-8.184383,-13.144541,1.0014595,1,0
12201_3.jpg,-7.5790863,-8.746481,7.621632,1,0
16300_5.jpg,-6.3999786,-22.372366,2.672588,1,0
11702_5.jpg,7.7006474,-1.4220124,-5.562292,1,0
13752_5.jpg,-0.811017,-8.343267,-3.6833184,1,0
13813_5.jpg,-4.3278265,0.11312629,-4.041817,1,0
13803_1.jpg,-2.5489993,-11.554386,3.5838983,1,0
13983_5.jpg,-6.5266194,-1.936686,5.008277,1,0
15267_5.jpg,47.37728,18.795183,-15.9756775,1,0
14323_5.jpg,24.097986,-1.6524559,-7.459147,1,0
13224_1.jpg,-1.2689422,6.197759,-0.76140875,1,0
14248_4.jpg,-3.9066966,-0.8126116,-2.785644,1,0
14622_3.jpg,-7.0262027,-4.4897304,4.393051,1,0
14482_1.jpg,0.5250793,-1.2469573,-6.027207,1,0
12868_1.jpg,2.0389392,16.52031,-2.9004285,1,0
11657_1.jpg,1.1708416,-10.375792,-2.3022761,1,0
12994_3.jpg,0.5441918,6.1868744,-0.63115925,1,0
14623_1.jpg,-0.7062717,-11.175697,-1.8597469,1,0
14523_2.jpg,-2.1050904,7.220792,1.7982591,1,0
10168_3.jpg,1.558387,10.819921,-2.839331,1,0
15020_5.jpg,-17.344292,20.78603,0.21566992,1,0
14309_3.jpg,-1.9675434,13.309744,-3.8594594,1,0
14032_3.jpg,-11.311606,-11.727567,7.019958,1,0
15892_1.jpg,6.1978087,-0.57876635,4.187557,1,0
8424_1.jpg,2.7515888,-0.95646363,1.1306252,1,0
13743_1.jpg,-6.289177,-2.5260692,-0.13306193,1,0
13621_3.jpg,-5.3858056,-2.5021625,0.0776673,1,0
12202_3.jpg,2.1205816,-6.8484235,-1.9573735,1,0
13986_6.jpg,15.883289,-9.775599,4.9006314,1,0
14025_5.jpg,4.316129,-6.821626,5.115604,1,0
13759_1.jpg,-0.5119327,-4.656399,-1.4618282,1,0
13795_3.jpg,-3.702142,-14.875288,2.9659653,1,0
14301_3.jpg,0.94944805,13.1084795,1.7033058,1,0
11531_1.jpg,1.0089904,6.133448,-4.227639,1,0
11948_4.jpg,-7.044917,-17.011314,23.655472,1,0
13729_5.jpg,1.541537,-7.7500577,-0.59011364,1,0
13621_6.jpg,-37.909664,4.3926787,3.291512,1,1
13730_5.jpg,-7.783643,-7.5265665,10.746575,1,0
14319_6.jpg,-0.7115732,3.582872,-9.0791855,1,0
15344_1.jpg,0.77465814,-10.713512,2.8776712,1,0
12205_3.jpg,-9.911588,-2.8546798,-1.7245828,1,0
15344_2.jpg,-9.2209,-20.509644,4.544759,1,0
15903_3.jpg,0.72328526,11.954754,-2.608421,1,0
16104_2.jpg,-3.1649613,22.567736,6.1614203,1,0
14278_4.jpg,-1.0873473,-3.7667446,-0.46068364,1,0
14620_6.jpg,3.2025957,-2.5541923,-4.074986,1,0
14256_2.jpg,3.737743,-11.411028,2.579013,1,0
15461_1.jpg,-6.529831,4.422495,8.20468,1,0
13900_4.jpg,-7.216919,-8.850772,-1.9886379,1,0
12193_2.jpg,-9.554686,-16.567389,2.7744608,1,0
14395_6.jpg,-11.046197,-8.623238,8.48754,1,0
15687_2.jpg,11.887549,13.247377,3.035473,1,0
8449_id.jpg,-1.5677631,-2.755103,1.2412543,1,0
11465_2.jpg,-13.118892,3.4176059,-13.029769,1,0
15224_4.jpg,-13.704198,0.4222959,-1.1487029,1,0
14318_3.jpg,0.6283709,10.966982,10.991917,1,0
12204_3.jpg,-10.44488,1.1771913,0.27428657,1,0
14677_1.jpg,-4.112778,-4.9753838,3.6430693,1,0
14618_5.jpg,-1.6708248,-11.990352,-1.9586077,1,0
14361_4.jpg,-3.7925565,2.4313962,-0.4958284,1,0
14250_5.jpg,-0.16778384,3.8646476,1.618601,1,0
14677_3.jpg,-31.693884,-12.136039,6.9281387,1,1
13962_6.jpg,-10.322929,-14.519486,1.0507103,1,0
12193_5.jpg,-1.6643754,-6.3805466,-0.4804059,1,0
12358_1.jpg,3.5467584,-13.806039,0.7760885,1,0
12197_4.jpg,1.7553295,5.380133,-7.771927,1,0
14490_2.jpg,3.1870296,-1.0647388,2.720822,1,0
13794_1.jpg,1.3116033,-0.20470525,0.775677,1,0
13678_5.jpg,-2.6321595,-13.675254,-1.3975018,1,0
14066_3.jpg,-0.8490585,-5.39113,0.47516555,1,0
10681_id.jpg,-11.4021635,-7.4691744,-2.859168,1,0
14168_1.jpg,1.9630951,-17.28341,-1.8331633,1,0
14317_4.jpg,-5.661879,0.8089865,-0.07917405,1,0
14127_6.jpg,3.1603293,-14.052205,-1.5863439,1,0
16206_5.jpg,-1.8467909,-2.7742562,-3.0016093,1,0
14622_5.jpg,-15.134997,-7.26374,-2.127421,1,0
13088_5.jpg,5.2191687,1.6546624,4.4265804,1,0
16300_6.jpg,-5.944358,-26.430243,1.9454938,1,0
12358_3.jpg,5.4936876,-5.1539063,-0.54419345,1,0
11942_3.jpg,14.347451,6.0644374,-3.7075205,1,0
13621_2.jpg,-2.7499561,-2.785307,4.0344205,1,0
13286_1.jpg,-6.479689,0.6685513,2.4774132,1,0
15918_1.jpg,0.79014397,-0.18649772,-1.7402247,1,0
11927_4.jpg,2.1434634,-9.008862,-1.9648438,1,0
16207_4.jpg,-1.5760728,-5.039863,3.0010648,1,0
13061_4.jpg,5.7535915,-19.349958,-0.7898734,1,0
12190_2.jpg,5.4581656,8.668849,-8.429125,1,0
13741_5.jpg,9.635449,-7.5890756,-7.375588,1,0
13986_2.jpg,10.455035,9.981563,9.173243,1,0
15892_5.jpg,-2.6672347,-14.319109,6.624282,1,0
14261_2.jpg,-0.9439383,-6.7474737,-4.6993895,1,0
13754_1.jpg,-5.6055408,-7.296954,4.586197,1,0
11731_2.jpg,10.408765,17.490587,4.2984304,1,0
12203_4.jpg,-6.509829,-16.28424,5.229454,1,0
10145_2.jpg,-1.8318145,-0.7870692,4.74265,1,0
13678_2.jpg,3.8583114,-4.7695556,-12.9451275,1,0
10556_3.jpg,-9.000804,-13.055492,1.5916052,1,0
14725_4.jpg,0.10149677,-16.522226,-0.26051018,1,1
14275_1.jpg,40.525948,-0.636897,-12.831624,1,1
13851_4.jpg,-1.5121719,-12.539176,8.166533,1,0
11363_4.jpg,3.5987585,13.627681,-10.282967,1,0
10517_6.jpg,-1.5879699,2.0192304,-4.758106,1,0
12035_1.jpg,-0.67589825,18.979261,-5.7121444,1,0
14278_5.jpg,-2.7552083,-2.506575,-1.8941923,1,0
11729_3.jpg,-2.2457309,18.355804,-0.3046718,1,0
14490_6.jpg,-3.895215,-3.056162,-0.12406063,1,0
16275_5.jpg,5.704918,-2.0018404,6.9031305,1,0
12051_3.jpg,-5.6790133,13.216911,2.4009604,1,0
13803_6.jpg,10.506879,-4.83117,0.18407087,1,0
14123_2.jpg,4.037377,-3.6733015,-1.9006604,1,0
11923_3.jpg,-1.7682958,-3.2487795,3.3667617,1,0
15590_3.jpg,21.154772,14.977717,9.216296,1,1
15461_4.jpg,-4.983227,-0.1852559,2.433315,1,0
13766_5.jpg,5.2197256,-10.117073,8.34877,1,0
13737_4.jpg,-8.951865,-2.3832583,0.98247963,1,0
10293_4.jpg,-5.063653,-0.56955945,0.170146,1,0
12260_4.jpg,3.3926687,-6.721984,-3.9730754,1,0
16207_5.jpg,-0.9027244,-4.528786,2.1311884,1,0
13734_id.jpg,-4.132899,-0.92699945,-0.21024445,1,0
14315_2.jpg,-3.528835,-3.3932726,-5.5326157,1,0
9729_2.jpg,68.64781,6.2188396,-7.705054,1,1
13795_4.jpg,1.7520007,-11.153119,2.0696359,1,0
14020_5.jpg,-0.38017592,-8.762653,-1.6529573,1,0
13958_4.jpg,-1.854251,-1.2678406,1.1183684,1,0
11871_3.jpg,-2.5883515,12.5889845,0.40988755,1,0
14361_6.jpg,-0.5873105,8.667376,-8.595724,1,0
14523_3.jpg,-0.9677447,17.609816,-4.3724585,1,0
13802_3.jpg,-4.520791,5.7661557,2.9986243,1,0
14248_3.jpg,-1.9914,-5.461179,-1.2997506,1,0
14483_4.jpg,3.7568128,-12.035808,-17.121408,1,0
10583_5.jpg,-19.329845,-5.113657,-2.3758123,1,0
14622_1.jpg,-6.3341904,-8.59254,0.8541379,1,0
14323_6.jpg,-0.7727573,-10.17441,0.9693675,1,0
16206_2.jpg,-4.6825004,-14.86701,5.10005,1,0
13733_6.jpg,-1.4221482,-15.8399,3.4803576,1,0
14723_2.jpg,-4.195642,-4.8641453,-3.9783494,1,0
15405_4.jpg,4.9323525,-9.027704,6.3397913,1,0
15689_5.jpg,-10.780559,-10.149005,2.217289,1,0
13678_4.jpg,1.0348221,-7.0031223,-8.950483,1,0
13762_5.jpg,1.9462416,-17.887064,-0.76211596,1,0
14121_5.jpg,-6.1242623,-5.6377854,4.981972,1,0
13729_6.jpg,2.2410827,-8.403391,-0.16297711,1,0
13584_5.jpg,1.3770049,16.920492,-0.69493026,1,0
14286_4.jpg,-0.9032241,-7.317369,0.97823316,1,0
13799_3.jpg,1.5578532,0.5629568,-2.3021345,1,0
11729_5.jpg,29.063496,28.352901,8.871706,1,1
13801_3.jpg,-5.3339653,-0.52172685,-0.6079199,1,0
13806_4.jpg,5.3311954,-5.0206165,3.4431405,1,0
12051_4.jpg,-10.380526,-17.79635,-1.4264623,1,0
13795_2.jpg,-2.8785717,-10.338212,1.8535422,1,0
12260_1.jpg,5.503373,-12.021944,-3.056972,1,0
13796_3.jpg,-0.35112378,-6.234891,-2.5460691,1,0
13472_4.jpg,8.366074,7.8275743,0.20664915,1,0
6805_id.jpg,1.3019843,4.7525616,-1.147534,1,0
10556_2.jpg,-3.7251942,-19.152393,-7.042733,1,0
13584_2.jpg,-2.1189501,13.754992,9.036282,1,0
13584_6.jpg,2.3978179,3.8654373,-2.458169,1,0
14312_3.jpg,4.582418,14.796346,6.5580096,1,0
11833_id.jpg,0.9906966,-2.9712186,0.8761857,1,0
11733_1.jpg,9.349528,16.084581,5.3219795,1,1
10535_2.jpg,-0.4882373,-7.2097845,10.908014,1,0
13355_3.jpg,-15.53234,-4.051788,-2.5900066,1,0
11829_4.jpg,12.462915,-1.7637556,-4.919574,1,0
12204_4.jpg,-11.399886,-4.520549,0.05574802,1,0
14026_1.jpg,-3.5302336,-8.235374,5.06845,1,0
14319_3.jpg,-6.8217883,-0.37848428,-1.1771796,1,0
15370_6.jpg,17.916042,8.478916,-7.6628814,1,0
14481_5.jpg,-1.4190693,-5.8167014,-0.47771436,1,0
13355_1.jpg,-15.835865,-7.325828,-2.580147,1,0
15568_5.jpg,-8.450832,2.3791022,-3.3305943,1,0
11729_id.jpg,-2.1085148,21.813236,-0.008164331,1,0
13355_4.jpg,-16.06907,-2.050841,-4.4234767,1,0
14487_5.jpg,11.121601,-3.1291149,-2.1903608,1,0
12192_1.jpg,1.6265159,-1.9226702,-7.5061474,1,1
14190_2.jpg,0.67751765,4.6800923,5.860683,1,0
15344_6.jpg,-0.65563947,-18.731693,-4.309198,1,0
14361_1.jpg,0.66977924,6.454863,-5.162895,1,0
14138_5.jpg,4.179961,-13.756659,2.5097764,1,0
12865_id.jpg,-1.5877233,0.99872166,-4.231463,1,0
10458_1.jpg,-3.85286,7.1488643,-20.151794,1,0
13753_2.jpg,10.4665785,-3.9067724,-10.520468,1,0
14315_1.jpg,-4.6682353,-4.6604333,-0.79058814,1,0
13222_4.jpg,-6.587225,-1.1138136,6.9403043,1,0
11363_1.jpg,-0.6409081,0.5047709,4.5327926,1,0
11657_2.jpg,1.9476489,-8.895836,-2.414428,1,0
14123_1.jpg,2.5787573,-6.5354342,-0.2363406,1,0
12260_5.jpg,5.209864,-13.924295,-2.8345237,1,0
15872_4.jpg,-4.467408,3.274425,0.9184865,1,0
10555_3.jpg,0.24796169,2.8382304,-5.7911325,1,0
12865_1.jpg,-3.5229242,5.190963,-5.7639403,1,0
13742_1.jpg,1.1203177,-0.005093487,0.26962867,1,0
13741_2.jpg,8.70205,-6.876134,-8.486294,1,0
14483_1.jpg,4.4222035,-10.085999,-3.4614158,1,0
10458_2.jpg,2.872129,-4.0576177,-3.596177,1,0
11731_4.jpg,-2.664672,6.6185775,-1.3413001,1,0
13759_2.jpg,5.131125,-1.0441222,2.8254473,1,0
14301_2.jpg,-0.5122888,-2.4603236,1.1157068,1,0
13566_1.jpg,-6.0399265,-13.216945,-14.444481,1,0
12054_1.jpg,-14.722364,10.623213,4.992611,1,0
12868_id.jpg,-2.3802829,6.8919377,0.35697934,1,0
15590_1.jpg,22.46398,15.427001,8.209812,1,1
15853_4.jpg,-10.089045,-8.1919155,-3.1154435,1,0
15464_5.jpg,6.7200527,-5.336819,2.2276075,1,0
14481_2.jpg,1.4821774,-6.615718,-1.2463284,1,0
11925_4.jpg,6.4695406,-9.725681,-9.68712,1,0
12282_4.jpg,-3.5584233,15.088362,3.2903876,1,0
11728_3.jpg,-3.470358,-14.606535,2.8122916,1,0
13759_5.jpg,2.7918837,-6.8630214,-2.6894355,1,0
15877_3.jpg,19.34562,11.900406,-6.6549354,1,0
14791_5.jpg,8.146444,-0.3746936,1.4218124,1,0
11675_id.jpg,4.2694383,2.7282135,-0.18128209,1,0
11699_5.jpg,5.3900843,-6.219124,0.53169966,1,0
12036_3.jpg,-0.57699716,2.6714501,-1.107374,1,0
6779_2.jpg,3.049371,1.76469,-2.7270367,1,0
13795_5.jpg,-2.2663198,-4.7876663,-0.31892723,1,0
9597_3.jpg,0.94050694,5.3383393,-14.034716,1,0
14623_4.jpg,-3.7797854,-9.748635,-2.0722005,1,0
14309_2.jpg,-5.615918,-24.197384,13.004793,1,0
11926_5.jpg,3.7214844,-16.271732,-4.174919,1,0
12054_5.jpg,-35.75473,20.638664,4.583671,1,0
13742_5.jpg,3.2657394,-0.23081821,-4.2942104,1,0
12782_3.jpg,-0.026055276,-3.3032432,2.1499772,1,0
13621_1.jpg,-1.9591968,-0.6150108,0.04471418,1,0
12329_4.jpg,5.8894563,-3.0016391,0.61987215,1,0
10681_1.jpg,-20.041197,-0.5574675,-6.6039777,1,1
14487_4.jpg,9.733164,-5.2788715,-4.5980487,1,0
14267_2.jpg,6.3302402,-10.391513,4.547272,1,0
14186_3.jpg,-6.818783,-0.49689278,0.40664092,1,0
14301_5.jpg,-5.500552,-6.6991134,10.172119,1,0
12192_5.jpg,-0.0049581667,-3.4805818,5.6407833,1,1
12198_4.jpg,-2.2705295,-0.049639292,-4.336002,1,0
14030_2.jpg,-7.255277,-4.975372,-2.2432616,1,0
13900_3.jpg,-24.03746,-7.0049157,-3.2290561,1,0
10465_2.jpg,20.371132,18.588028,-0.8367949,1,0
14081_4.jpg,4.049034,-3.776363,-3.6270616,1,0
14322_3.jpg,-9.056539,3.300074,-8.396724,1,0
14032_1.jpg,-2.9395785,-7.6647286,-1.3642251,1,0
13872_1.jpg,52.47354,3.7961302,-0.6575638,1,0
13802_1.jpg,-4.520791,5.7661557,2.9986243,1,0
14618_3.jpg,1.7003927,-6.218912,10.108845,1,0
12329_5.jpg,-0.6576366,-3.866228,2.0003166,1,0
13753_4.jpg,3.3974051,9.515421,-6.4750037,1,0
11607_2.jpg,0.708706,-1.4940538,0.19040658,1,0
14790_1.jpg,-22.535175,5.1973324,6.2999783,1,0
12483_4.jpg,1.8559268,-4.5036874,-3.1504807,1,0
10555_2.jpg,4.49607,3.489034,-7.16336,1,0
10681_2.jpg,-35.735256,-3.283799,1.6422824,1,1
14317_1.jpg,2.160998,3.0570745,-3.0315623,1,0
16322_4.jpg,-19.360407,12.728998,-5.852234,1,0
13730_4.jpg,-0.98222727,-10.249323,11.473582,1,0
13621_id.jpg,-0.940514,-2.1046376,3.3689322,1,0
13682_3.jpg,5.3551297,-2.97026,-8.054523,1,0
11924_1.jpg,-2.4868793,-4.024189,-1.5258251,1,0
13752_3.jpg,-3.1492376,-8.897797,1.9427141,1,0
14029_3.jpg,-4.113237,-9.817696,-1.0516407,1,0
14034_3.jpg,-10.845013,-8.152341,0.27391237,1,0
12190_3.jpg,11.4480505,1.9937813,-4.3047714,1,0
16007_1.jpg,-5.1362014,-2.4204082,-0.97696495,1,0
12867_2.jpg,2.637106,-2.6663904,3.6297648,1,0
16104_1.jpg,-19.427574,18.367908,-1.3653417,1,0
13755_6.jpg,0.08730067,-3.776985,0.2969468,1,0
14068_1.jpg,0.26072472,21.561401,-5.3301644,1,0
12847_6.jpg,-10.396577,-4.1265135,-1.7932118,1,0
10757_4.jpg,9.206495,7.897785,-2.9586911,1,0
13766_2.jpg,-4.2666802,0.37241623,-0.24341434,1,0
15692_5.jpg,-4.1801405,6.8255224,1.0657634,1,0
11607_3.jpg,0.6759968,-4.116425,-0.28569615,1,0
11927_3.jpg,-6.89237,7.983519,-4.4119587,1,0
14246_2.jpg,1.8212894,5.027325,-6.721141,1,0
14066_4.jpg,1.1146573,-4.0425043,-3.187732,1,0
14138_4.jpg,4.376364,-3.285232,1.0962812,1,0
13850_1.jpg,-4.334296,-2.6532712,-2.5698972,1,0
15020_1.jpg,-18.80616,0.9441249,-1.9210215,1,0
14127_1.jpg,-5.670161,-23.97815,-3.804619,1,0
11924_6.jpg,3.2393982,-11.928178,-0.34662697,1,0
13813_6.jpg,-1.9741255,-1.5246387,-1.2636367,1,0
10535_4.jpg,1.5029104,-2.868496,4.7474756,1,0
16007_6.jpg,0.76187885,-4.2956276,-0.019366838,1,0
14483_5.jpg,5.5009055,-3.6843169,-20.030155,1,0
8449_2.jpg,6.8021946,-4.5658646,2.2530627,1,0
10465_3.jpg,5.839236,2.2010503,-3.373682,1,0
15411_5.jpg,-10.891219,13.03217,-0.7286817,1,0
13807_4.jpg,3.539195,7.2114215,0.4263359,1,0
14015_1.jpg,14.776048,-8.304031,13.074093,1,0
15842_3.jpg,-23.670063,6.405566,3.7241507,1,0
16320_2.jpg,4.0525203,1.684461,-5.829849,1,0
14275_6.jpg,37.68844,-2.2343957,-7.5227942,1,1
14030_1.jpg,-7.156798,-6.864603,-1.9672396,1,0
9838_4.jpg,10.312923,-9.877757,9.053993,1,0
14297_4.jpg,-2.6980162,13.915703,0.54802036,1,0
14322_5.jpg,-22.79745,21.202503,-7.2071524,1,0
13088_3.jpg,9.203846,-0.6360273,-8.066675,1,0
11871_4.jpg,-0.56825525,6.6662993,13.517418,1,0
11922_4.jpg,-3.3081372,-25.79109,-1.1261098,1,0
14487_6.jpg,22.662182,-0.0034632054,3.1514952,1,0
14066_1.jpg,1.7894624,-6.2094655,-2.64054,1,0
11926_4.jpg,2.7937918,-13.583988,-7.4081497,1,0
16152_3.jpg,0.15891938,-11.541712,2.9516108,1,0
12196_1.jpg,2.679057,-7.064604,1.4458764,1,0
14128_5.jpg,-3.6915767,-3.2200568,2.9402657,1,0
14033_4.jpg,2.3174226,-10.750174,2.9388816,1,0
13775_4.jpg,-8.189698,0.6994184,7.013862,1,0
13900_5.jpg,-5.373484,-5.6939135,-1.631365,1,0
15267_1.jpg,39.487827,6.301591,-11.106273,1,0
11607_4.jpg,-6.2926927,1.8854253,-0.945444,1,0
14818_6.jpg,7.143633,6.9583635,-6.0578904,1,0
14023_4.jpg,-0.71758354,-5.5295916,9.598158,1,0
16250_5.jpg,5.1633315,-9.237145,-1.2062448,1,0
10517_1.jpg,-0.56245375,6.2783723,-5.151831,1,0
13088_6.jpg,2.9311256,-0.32261378,2.0942564,1,0
14324_5.jpg,7.8602767,-11.326887,-1.365896,1,0
14297_6.jpg,3.3283906,6.8259554,-2.5980732,1,0
10666_4.jpg,-1.6474487,0.30469805,0.31320405,1,0
14168_5.jpg,-1.7541972,-8.203109,12.469078,1,0
10486_3.jpg,-5.970803,-10.142492,1.857226,1,0
14791_3.jpg,2.210588,8.462429,2.898689,1,0
14481_6.jpg,2.8481295,-7.9778957,-0.80713385,1,0
13733_3.jpg,0.85126907,-4.7076735,2.4573698,1,0
15464_3.jpg,-4.3444953,1.3687588,3.9242635,1,0
15918_3.jpg,-2.6031094,1.7265085,3.5819626,1,0
14579_2.jpg,1.2004119,1.0020179,4.4548535,1,0
13472_5.jpg,-8.114199,5.1212945,-3.4408143,1,0
12036_2.jpg,-1.5063832,3.2328603,-0.34539354,1,0
13806_1.jpg,-10.24159,-9.125764,1.8576796,1,0
11699_3.jpg,-4.062925,-10.465208,2.514671,1,0
14790_4.jpg,3.37165,-14.167188,13.214954,1,0
13286_6.jpg,-12.009375,-5.2696557,-1.5918049,1,0
14484_4.jpg,2.8218734,-3.988109,-4.955925,1,0
15009_5.jpg,-0.20920084,11.410457,-2.3002326,1,0
14126_6.jpg,6.7421403,-4.4996443,3.9158213,1,0
13736_4.jpg,4.0133605,-2.0696006,-3.1648276,1,0
10537_2.jpg,-3.5421731,-6.8578887,7.785554,1,0
12205_4.jpg,-7.3567963,-3.409402,0.08813346,1,0
6777_3.jpg,6.6482086,7.3545437,4.0505266,1,0
13286_id.jpg,0.16297133,14.313964,0.9679002,1,0
13792_1.jpg,-2.2143734,8.708316,-5.15512,1,0
14313_1.jpg,4.3105454,-6.083132,-6.0758276,1,0
10517_5.jpg,-1.9568311,11.719455,-16.724403,1,0
14030_5.jpg,-0.31144187,-2.9960191,-3.737176,1,0
16300_3.jpg,-5.9543266,-12.366196,-1.7907281,1,0
13851_3.jpg,-6.144452,-16.67952,4.8790884,1,0
13771_2.jpg,-1.5732242,-3.8491652,-0.5650694,1,0
14020_6.jpg,-7.289652,-16.348461,-7.0776405,1,1
13682_4.jpg,9.851316,-0.05858349,-7.0209966,1,0
6800_2.jpg,-19.455505,8.564892,2.7546635,1,0
11731_id.jpg,0.5023317,8.998919,2.131868,1,0
14122_4.jpg,-3.1675873,-7.6135874,-2.1857507,1,0
14024_6.jpg,4.2844687,-12.236137,-1.7135115,1,0
14024_5.jpg,18.74906,-19.768597,7.1238465,1,0
