timestamp,yaw,roll,pitch,face_count
16265_5.jpg,13.037375,4.603907,-2.4867742,1
15903_6.jpg,-25.933865,2.5415587,2.8153336,1
15370_3.jpg,8.700122,-5.642925,0.05580921,1
13807_2.jpg,3.3203888,4.3308544,3.4106216,1
12323_2.jpg,1.6055468,-5.6248326,-1.3274336,1
13750_3.jpg,8.762139,19.255177,6.4725184,1
14024_4.jpg,3.3776772,-8.618226,0.39612985,1
12198_5.jpg,2.4732206,-2.4768007,-4.8605304,1
15498_5.jpg,1.5692538,2.1376908,8.930478,1
13061_1.jpg,,,,0
10666_3.jpg,,,,0
16265_2.jpg,,,,0
14053_1.jpg,,,,0
14266_2.jpg,,,,0
13736_3.jpg,-3.4696043,-1.1716897,12.487788,1
14275_2.jpg,64.552795,-11.743161,-12.230729,1
12867_id.jpg,-29.56052,7.5855365,5.0028534,1
14250_2.jpg,-2.5707412,-3.2932482,-2.6512308,1
12847_3.jpg,-12.461433,-1.2406774,0.33379504,1
10559_1.jpg,1.9704602,-9.8352995,2.7492816,1
12204_5.jpg,-10.780628,-6.380248,1.858507,1
14483_2.jpg,4.328188,-5.097669,-3.863526,1
14117_3.jpg,-0.7835055,-10.638415,-0.33135054,1
15900_1.jpg,-54.999115,22.679193,-21.642845,1
14483_6.jpg,5.28368,-5.7095165,-20.429756,1
14033_5.jpg,2.2964032,-9.474907,2.4991455,1
10563_3.jpg,-1.6523113,-2.9079723,-7.5898595,1
12993_1.jpg,-5.133157,-3.3649848,-2.0059016,1
12190_4.jpg,4.448673,5.787791,1.2038959,1
13752_2.jpg,0.48057216,-10.402458,3.395729,1
10766_1.jpg,-18.64089,22.581327,-5.3221016,1
15350_1.jpg,47.648586,-4.414064,3.471803,1
14482_2.jpg,-3.2464643,1.6942937,-3.5297246,1
15687_6.jpg,-4.664846,-4.332552,0.030055784,1
12865_3.jpg,-4.6713037,-3.6461496,-3.416659,1
14270_1.jpg,5.5513225,-3.265227,-8.488879,1
12324_id.jpg,3.1840434,-7.299488,1.4061872,1
16322_3.jpg,-17.063725,14.211817,-4.26473,1
11929_3.jpg,-6.8957024,-4.6662297,6.769656,1
15892_3.jpg,-8.489018,-15.265419,17.04188,1
13224_4.jpg,-4.474036,-3.9918823,-0.62088096,1
14620_1.jpg,4.104742,-13.468341,-8.934717,1
13729_1.jpg,5.3301945,-8.567201,-0.4195571,1
14081_5.jpg,16.719969,-6.293961,-2.6224432,1
6777_2.jpg,10.703962,15.797034,2.6844711,1
16207_3.jpg,-3.824946,1.8237336,-1.2797136,1
13472_1.jpg,-0.92769074,8.287296,-1.5410216,1
13351_6.jpg,-0.76383656,-0.22248775,-0.7563357,1
9729_3.jpg,-6.013391,3.5726645,-11.338144,1
13753_5.jpg,8.77067,6.5710754,-7.82123,1
13755_3.jpg,58.74299,-1.0155092,5.79074,1
13741_4.jpg,-6.1410594,-8.027442,0.7838623,1
13803_4.jpg,17.031193,-19.36414,0.41792965,1
13986_1.jpg,27.347767,-5.7100134,3.0551887,1
14395_5.jpg,38.061043,-6.265536,-0.9406973,1
14249_2.jpg,-22.494495,-4.069229,4.340295,1
10786_4.jpg,-34.709904,-14.9920225,8.1995125,1
11673_4.jpg,-64.44412,2.014526,3.6760793,1
15903_5.jpg,-49.55585,3.031343,4.9177938,1
13986_4.jpg,16.653885,0.588034,4.7769,1
13958_5.jpg,6.538051,-1.4176998,-3.3160224,1
13799_6.jpg,3.767292,-2.0664363,-4.6052055,1
15150_2.jpg,0.3063997,2.3066866,4.035535,1
15900_4.jpg,-36.861343,-10.996923,16.162659,1
13755_4.jpg,-4.34079,-0.101086035,-1.9959778,1
14322_2.jpg,-8.192626,13.822519,-5.053285,1
13793_1.jpg,3.6411426,-5.4779205,-4.070175,1
12867_3.jpg,13.733753,-7.703255,6.4645233,1
12053_1.jpg,-1.1721466,-1.1507462,5.243502,1
11675_2.jpg,,,,0
6800_1.jpg,,,,0
13775_3.jpg,,,,0
13813_4.jpg,,,,0
12193_4.jpg,,,,0
14068_2.jpg,7.379048,5.388067,4.3739076,1
14065_5.jpg,1.0328562,5.7803035,-0.7079538,1
13806_3.jpg,1.9960155,-0.3556751,3.3698728,1
10757_id.jpg,13.710302,9.433227,4.0938616,1
14795_4.jpg,3.6036363,-13.529919,-4.0155234,1
14124_1.jpg,3.1309626,-8.0752945,-1.8529086,1
16207_2.jpg,-8.177198,4.839551,2.9964635,1
14246_3.jpg,1.3608897,6.2291117,-6.508153,1
14138_2.jpg,7.7310214,-36.275566,-0.71216345,1
14278_3.jpg,1.9480718,-3.3968763,-1.4863672,1
15498_6.jpg,12.854059,-5.502571,-8.714107,1
14028_3.jpg,8.554112,-20.672512,-13.30074,1
15971_3.jpg,1.8125421,-4.889424,1.5407385,1
8424_3.jpg,-22.225399,-0.41230512,10.160169,1
13743_2.jpg,-2.4962056,-11.331072,2.8377683,1
14130_4.jpg,-6.595242,-20.654434,-0.8688838,1
11673_6.jpg,-16.715519,-2.0344422,2.204034,1
14270_6.jpg,-11.1333685,-16.549154,-8.182739,1
6906_3.jpg,-37.13162,1.7101039,-8.08616,1
14275_5.jpg,66.632835,5.4214945,-7.174955,1
14321_2.jpg,-4.161784,-6.6781154,-1.2149801,1
10486_1.jpg,18.342194,0.018103346,0.4926741,1
14579_5.jpg,71.32584,-3.0788746,-1.6048881,1
11675_3-1.jpg,40.827675,-5.0971146,2.1230342,1
11948_2.jpg,0.5621439,-3.4016175,2.7813618,1
6805_2.jpg,-68.78828,-3.1778402,-11.532739,1
14321_5.jpg,-14.4766655,-4.4068813,1.1234372,1
14487_2.jpg,14.19932,-7.6640506,-4.7577786,1
15918_2.jpg,29.452868,-15.576944,-10.174229,1
11929_2.jpg,-30.912737,-17.719868,3.0729997,1
15877_2.jpg,60.466797,-8.626739,4.5867214,1
12196_2.jpg,-56.820724,-34.1399,-7.2886724,1
14025_3.jpg,68.28083,-31.287203,2.8784359,1
11657_1-1.jpg,-16.157698,-3.2037582,-12.08931,1
14312_1.jpg,3.591898,6.3839436,1.5028479,1
14286_2.jpg,-3.2202494,-13.393763,1.2785345,1
14190_6.jpg,-0.46706098,-3.387353,2.049181,1
14029_6.jpg,-4.188868,-8.982485,-1.5273584,1
16152_2.jpg,-28.191687,-6.6514196,9.918315,1
11607_6.jpg,2.3269756,3.0148036,-5.4592543,1
13807_6.jpg,9.429033,4.226759,6.194947,1
14128_3.jpg,-10.405486,-13.435804,4.7773,1
14481_3.jpg,-0.67651045,-5.4512496,0.27135256,1
12322_4.jpg,-32.74147,-6.880258,10.792211,1
8387_4.jpg,-5.945906,-7.549391,3.7598581,1
11465_3.jpg,18.953373,8.526557,-15.204947,1
10536_5.jpg,29.430145,-2.7248755,-3.760662,1
13983_1.jpg,2.0682495,-13.062388,6.0440297,1
10517_4.jpg,-0.7654744,-0.36299226,-13.173708,1
13286_4.jpg,0.47880265,1.0858858,-0.66096896,1
14270_5.jpg,-6.129514,7.321651,0.21265239,1
13759_3.jpg,3.5404882,21.271606,2.2988904,1
15687_1.jpg,-3.1781998,1.302537,1.2297373,1
11617_5.jpg,7.888459,10.626227,5.044156,1
14021_4.jpg,2.4781485,17.223198,-7.8209286,1
13753_6.jpg,4.5993524,8.453439,-5.662503,1
13472_6.jpg,5.2567344,9.633917,-4.1694503,1
14034_5.jpg,1.1075948,-2.1732988,0.8981714,1
14032_6.jpg,48.205338,-26.316448,3.5828075,1
14066_6.jpg,-1.2301861,-3.9909506,-3.333063,1
10292_4.jpg,-3.6248996,-7.28006,-1.3563601,1
14318_4.jpg,-9.316653,15.110713,3.1695876,1
14753_4.jpg,-10.656795,5.2767715,-1.6887903,1
15872_5.jpg,-6.222255,-3.1573777,-1.4697278,1
12202_5.jpg,-0.6417447,-7.9108706,0.39857772,1
14323_2.jpg,8.221162,-2.680392,-3.8001125,1
15498_4.jpg,9.504907,7.5142984,-7.618149,1
14318_5.jpg,-13.318062,12.384039,4.160534,1
11675_3.jpg,-9.746062,7.3566065,-3.7676005,1
15842_4.jpg,-16.312895,-4.302208,-0.34227487,1
13797_6.jpg,-7.848942,2.4950838,-3.4776924,1
14620_4.jpg,-24.663603,-4.7541065,11.968824,1
16300_2.jpg,-13.882908,-27.420933,-6.5715847,1
10555_4.jpg,1.490791,-2.009466,-5.901229,1
11657_4-1.jpg,10.668667,-26.838505,9.785317,1
14257_5.jpg,-23.205587,16.329433,-1.7977326,1
13210_id.jpg,1.1635305,1.4719119,0.121413216,1
15877_4.jpg,4.0149007,-10.1161,2.7008207,1
14015_5.jpg,-5.782062,6.7333207,6.6991215,1
14023_3.jpg,-1.0500141,4.186483,1.1182659,1
12282_1.jpg,5.4171443,9.430561,5.7306204,1
14120_3.jpg,-3.3780093,-5.616134,6.660214,1
13808_5.jpg,5.200998,-3.8982244,-11.919103,1
11948_1.jpg,-3.8667483,-11.720892,5.7210293,1
13472_2.jpg,1.0339649,5.5540977,-2.0585613,1
13796_5.jpg,1.3960325,-7.699006,-2.133356,1
14030_3.jpg,-8.008407,-5.959142,-3.5006094,1
13778_1.jpg,-8.094663,-13.82297,-2.8722239,1
14623_3.jpg,30.434843,4.038706,-2.1207945,1
13733_2.jpg,16.612211,-12.371415,-6.5066676,1
14024_1.jpg,3.2550132,-10.966752,-2.643031,1
13682_2.jpg,15.715137,-5.6369576,-5.5584745,1
13793_5.jpg,-0.5950883,-2.9235535,-4.808063,1
15568_4.jpg,9.616194,-2.7795794,3.349775,1
13807_1.jpg,3.1084573,9.033982,2.1363647,1
14025_2.jpg,8.118867,-11.645733,-2.4449108,1
11657_3.jpg,-1.270745,-13.242489,-0.13074253,1
11535_5.jpg,-4.506319,-7.7287345,1.1854235,1
15692_6.jpg,-3.8306932,-3.8577633,1.4796183,1
14015_2.jpg,-15.048035,0.21212755,15.020429,1
14261_5.jpg,-0.9519319,-5.95897,-4.003597,1
14324_1.jpg,3.2639322,-13.425056,-6.2982187,1
13799_1.jpg,0.9089955,-1.2526009,-0.8802123,1
14121_6.jpg,0.6704324,-5.4206815,-1.009582,1
11732_1.jpg,-17.315687,-13.831998,6.9661365,1
14123_4.jpg,1.7589248,0.107159644,3.0351634,1
14302_5.jpg,50.544106,9.868516,3.8288577,1
13808_2.jpg,-1.9305847,-1.861596,-5.591948,1
13222_3.jpg,5.224498,-6.0167394,4.836688,1
13741_6.jpg,9.947313,-10.358134,-6.577274,1
11829_id.jpg,-3.7843504,10.366989,-1.3722209,1
16250_3.jpg,-1.9376446,-1.7686281,-0.4989279,1
9597_4.jpg,-10.297145,-3.0369725,-3.7953877,1
12050_1.jpg,-1.6974448,21.707111,0.6296362,1
13927_3.jpg,-5.7815585,3.2470605,1.2579067,1
13354_5.jpg,-24.93377,-2.3453002,8.771252,1
11733_4.jpg,0.49438313,13.455656,4.2341847,1
14361_2.jpg,0.4554532,-2.2638767,-3.05594,1
13733_5.jpg,-11.8164625,-9.644332,6.457491,1
14577_4.jpg,19.347965,5.2113404,0.25520778,1
14488_1.jpg,-1.5130408,-9.1960125,-0.30661264,1
12197_3.jpg,-2.5681238,15.267756,5.0851517,1
14395_1.jpg,5.939241,-2.8396626,6.843172,1
11923_4.jpg,-2.4312747,-6.104783,0.275395,1
13742_2.jpg,1.9846001,1.5584172,-1.566458,1
13775_6.jpg,-7.3677406,2.9539866,1.4890776,1
14286_6.jpg,-3.3657708,-19.335056,-0.18002638,1
14312_5.jpg,-3.411943,9.309217,3.0827734,1
11871_id.jpg,-2.9717302,4.2355156,4.755035,1
13771_3.jpg,-2.489856,15.324839,1.4749447,1
11657_3-1.jpg,14.090427,-27.45446,4.971407,1
13764_6.jpg,-0.5445878,-8.519549,0.48799542,1
13729_3.jpg,0.97686815,-12.679125,1.1986588,1
15405_3.jpg,-16.164408,-9.860056,6.862656,1
14361_3.jpg,-1.3608428,4.9666715,-2.6142309,1
11702_1.jpg,-0.5536383,4.665062,0.4317053,1
16054_3.jpg,0.504624,-5.724604,6.4863086,1
15556_4.jpg,-6.2969246,0.9885541,10.173364,1
14126_3.jpg,3.189013,3.3560236,0.2877678,1
10786_3.jpg,-7.862948,-4.573679,2.5859625,1
14026_6.jpg,-3.92507,-10.509742,1.603217,1
6777_4.jpg,8.5176,10.247366,0.10934422,1
13807_5.jpg,-9.424478,2.9247518,7.6129146,1
14186_1.jpg,-4.5003214,-1.3692161,0.58274937,1
15009_6.jpg,-26.235312,2.6375895,-0.2756766,1
10536_6.jpg,8.559433,0.7006976,-7.576079,1
10458_5.jpg,7.6713786,8.9661045,-4.1975784,1
15370_5.jpg,3.8805404,-6.740838,0.3028331,1
14127_4.jpg,11.960509,-20.229162,10.161456,1
11926_3.jpg,-4.001117,-14.723544,0.6332039,1
13813_2.jpg,-7.145934,-6.967377,0.72443724,1
14482_3.jpg,0.176404,-0.19186689,-1.5146364,1
14032_5.jpg,-9.457294,-2.1767886,-2.4789128,1
14261_3.jpg,-0.41285518,-3.6974843,-4.310486,1
10486_2.jpg,4.752044,-3.1522336,-2.35424,1
14677_5.jpg,1.9486419,-10.572272,-18.250612,1
11926_2.jpg,5.2700567,-14.580996,-5.5835557,1
14118_3.jpg,-13.714428,-25.063055,2.50184,1
11531_2.jpg,-30.259201,5.368588,14.172804,1
14257_2.jpg,-2.4923828,10.751678,-5.7270026,1
14795_3.jpg,-0.85055804,-8.76169,0.599077,1
14030_4.jpg,-2.3038628,-7.2719426,-7.3348002,1
14488_4.jpg,-12.663377,-11.039236,4.417055,1
14622_4.jpg,-14.047781,8.419791,-1.2592196,1
13799_2.jpg,0.038471885,2.573506,-1.1046475,1
13088_id.jpg,1.7461843,5.366734,-2.1407068,1
13767_2.jpg,-4.3082647,-5.0601645,-4.9984355,1
15568_2.jpg,-12.037272,-5.652622,-3.872316,1
16207_1.jpg,-3.2843134,-2.192438,0.75655985,1
12204_2.jpg,-8.596667,-7.9710016,7.0423493,1
16007_4.jpg,-3.309255,0.038003072,0.61084044,1
14247_5.jpg,5.0565453,-1.8677007,1.3896222,1
13762_1.jpg,-1.146839,25.882788,2.7088008,1
12198_2.jpg,-3.9758782,-2.4794123,-5.4485006,1
8424_5.jpg,-5.2702546,-3.795975,2.887498,1
13755_2.jpg,8.697921,2.3815587,-1.641453,1
12329_3.jpg,-14.778923,-8.967013,1.6754867,1
14117_2.jpg,1.5739821,-15.72835,-1.3700436,1
16250_1.jpg,0.6353043,-8.112194,3.5386984,1
12054_4.jpg,-14.410353,10.427524,1.7483093,1
13750_6.jpg,6.0537863,0.32730138,-2.4773235,1
14287_3.jpg,24.22667,5.4638567,0.17788209,1
12193_3.jpg,-6.9662194,-13.202383,3.713622,1
15689_6.jpg,-29.42635,-1.9988765,1.3009257,1
16322_5.jpg,-20.542837,14.0691,-1.5175357,1
15405_2.jpg,-2.8221629,10.88246,-10.371019,1
14319_1.jpg,-30.518847,-9.329925,-14.365651,1
13351_3.jpg,63.690945,-6.8039045,-5.2739096,1
10563_1.jpg,69.21683,1.2123798,4.1988716,1
11617_4.jpg,14.786395,-2.6049514,-3.4577682,1
14130_1.jpg,1.9751097,-24.306534,8.107085,1
13743_4.jpg,-23.08541,2.29223,2.8294668,1
11675_2-1.jpg,27.913504,-1.9047245,11.512375,1
13755_1.jpg,-7.7596555,-2.4231267,9.469886,1
15425_4.jpg,-7.791054,-9.495981,-2.5766919,1
14081_1.jpg,5.0622635,-4.8712335,-4.111382,1
13806_6.jpg,-1.550291,-5.30862,7.4975624,1
14029_4.jpg,-4.7354703,-7.983441,-0.33629218,1
13736_2.jpg,-10.255777,4.9295115,12.017738,1
12994_id.jpg,-1.1027144,6.932045,-0.60552233,1
6779_3.jpg,0.82622105,1.1710006,-2.3096693,1
11926_1.jpg,-3.9383838,-16.416597,-18.125742,1
12034_1.jpg,-0.40828818,-1.7390312,-12.231584,1
11922_3.jpg,-1.8176746,-21.825851,-2.082363,1
12483_1.jpg,2.9916277,-8.261694,-6.824235,1
13807_3.jpg,5.644928,10.904795,4.323753,1
13792_2.jpg,4.3959656,-21.127138,-0.8882036,1
11734_1.jpg,-7.891935,3.575327,-1.92897,1
10536_4.jpg,5.084529,1.1800847,-6.167597,1
11732_4.jpg,-17.86875,-6.154266,5.3142614,1
13351_4.jpg,0.70946443,-6.689438,-3.5252004,1
11536_1.jpg,1.6913077,2.856568,-2.0020478,1
13795_6.jpg,-1.4192741,-6.6919312,1.5198867,1
16320_5.jpg,-26.332272,0.1798501,6.200787,1
13751_4.jpg,-1.7244178,-22.398218,1.3225446,1
13751_2.jpg,-3.0783327,-10.685186,-7.9423428,1
6777_1.jpg,1.2396281,5.310333,-2.2692065,1
13764_2.jpg,-5.1640043,-11.859377,7.225989,1
13754_3.jpg,-32.32691,4.593938,7.291779,1
14678_2.jpg,-19.190363,-9.996236,7.4466305,1
15224_1.jpg,-18.12791,-9.564346,-2.9448671,1
13851_1.jpg,2.1085975,-31.671806,3.0173676,1
13734_4.jpg,-6.82234,-18.531073,9.547309,1
14579_4.jpg,41.26184,-10.24746,-5.0322022,1
10561_1.jpg,2.695822,-20.644358,-1.3614668,1
14270_3.jpg,1.6303688,-5.4630075,0.047823694,1
16104_4.jpg,-24.325827,17.875774,-6.706111,1
14034_4.jpg,-6.800079,-4.9710145,2.6023333,1
11529_id.jpg,1.2898574,-7.5797725,-2.3191516,1
11734_id.jpg,-6.835543,2.797225,-1.7601602,1
14725_2.jpg,9.669025,-23.562593,-1.0473099,1
15411_1.jpg,-4.3983693,33.905663,-1.957331,1
11617_1.jpg,10.607498,-4.369133,0.97732043,1
11936_2.jpg,-25.199196,6.0543823,4.251748,1
14278_2.jpg,2.5934796,-2.36543,-2.7231185,1
14127_2.jpg,,,,0
15590_5.jpg,,,,0
10294_5.jpg,,,,0
12322_1.jpg,,,,0
14623_2.jpg,,,,0
13752_1.jpg,-4.3127427,-15.903184,1.1861496,1
12329_1.jpg,4.911291,-5.6022053,-0.35661888,1
14622_2.jpg,-10.993017,8.130914,-6.8140545,1
14309_5.jpg,-2.203125,18.85337,3.4740744,1
11699_4.jpg,-47.050568,1.5076121,-0.6332612,1
11531_3.jpg,16.477583,-3.6013794,12.300653,1
14257_6.jpg,29.24146,5.1246953,1.9585273,1
12782_2.jpg,43.13823,-1.1236014,-1.4847459,1
12324_2.jpg,5.151869,-9.790503,5.911164,1
16054_2.jpg,-8.405005,-0.3778682,9.341477,1
10293_1.jpg,0.00035475846,4.682981,0.39535496,1
13764_4.jpg,-5.281422,-13.118399,0.53289545,1
14324_3.jpg,-6.0504904,-15.72957,-7.095713,1
11728_2.jpg,-4.0708604,-17.916475,2.8566077,1
10563_2.jpg,19.22671,18.612953,-3.4585645,1
14121_4.jpg,-2.3507853,-10.708325,18.517046,1
14620_2.jpg,5.267311,-6.7362733,-7.604796,1
11728_4.jpg,-4.720573,-6.018478,12.342498,1
13752_4.jpg,-8.847465,-15.045335,0.27615422,1
14120_1.jpg,7.5593934,1.9648621,2.4076283,1
8387_id.jpg,-1.9079207,-1.2082255,0.080788516,1
13061_3.jpg,-0.3077215,-5.907057,-2.5191743,1
15009_4.jpg,-16.533993,10.182058,-5.321439,1
14266_5.jpg,-4.3240247,-9.1128645,12.27652,1
13771_5.jpg,4.5313716,7.5611258,-2.9440782,1
14795_5.jpg,-11.231491,-12.029148,-10.315103,1
14753_3.jpg,-37.133842,-3.1837192,-2.5390964,1
14618_4.jpg,0.6994471,-4.244745,3.4225616,1
12206_3.jpg,-21.862886,-2.9742484,13.77329,1
12053_4.jpg,-3.097401,1.6375284,2.076706,1
13750_4.jpg,6.291108,3.673007,8.227754,1
11927_5.jpg,1.0300207,-6.257204,-2.8907998,1
15971_4.jpg,-2.571522,-0.39563477,-1.9220632,1
14795_2.jpg,-3.6390877,-10.377809,-2.0679798,1
14020_4.jpg,-3.709399,-8.287961,0.20927127,1
12198_1.jpg,0.4871877,-4.779465,-1.8311236,1
12782_4.jpg,18.349703,-1.4535059,-6.5459056,1
12205_1.jpg,-20.328615,0.55039245,0.6010565,1
10786_1.jpg,-5.8833175,-15.819962,9.783491,1
13737_id.jpg,21.732666,-7.817516,2.938907,1
11734_3.jpg,-4.974419,3.9464445,-3.393508,1
11924_2.jpg,-4.6717978,-6.9305835,3.6483402,1
10292_3.jpg,1.7155385,-8.49005,0.60913914,1
11733_2.jpg,-9.022543,14.796598,-2.4408567,1
14081_3.jpg,7.8440256,0.97002614,-4.77312,1
12198_6.jpg,-5.3889346,-6.0830836,-4.5968857,1
14623_6.jpg,2.7853425,13.772572,-0.082540855,1
15425_3.jpg,-0.28358573,-5.927138,-4.3061604,1
15498_2.jpg,9.6076565,-0.90261054,-4.6382723,1
13872_6.jpg,7.5312033,7.191513,-15.742897,1
13678_6.jpg,2.311333,-12.666372,-5.656528,1
14484_1.jpg,4.484959,-12.968044,-2.332807,1
15350_5.jpg,36.00628,-4.9920783,4.858522,1
11829_1.jpg,-8.466068,0.612519,-2.4537501,1
13851_2.jpg,8.151623,-13.324673,0.29166192,1
8387_1.jpg,6.4944005,-4.183149,-6.8762183,1
11673_5.jpg,-42.018063,4.67032,1.4183551,1
12053_6.jpg,-12.702332,5.6955123,5.159676,1
12197_5.jpg,-4.136846,4.122512,6.5961246,1
11922_id.jpg,2.8367248,-11.456114,1.129279,1
14068_3.jpg,-6.0357122,1.9849873,1.4708099,1
14490_1.jpg,35.492744,-6.9031663,-3.9510233,1
11871_1.jpg,-24.313726,-7.1744347,1.831932,1
13210_2.jpg,3.5953674,3.1730518,-1.4614625,1
14270_4.jpg,15.619602,0.6778786,-10.51463,1
16320_3.jpg,-28.288671,-19.16018,14.911263,1
14034_6.jpg,6.1715627,-12.418227,-2.6707075,1
10607_4.jpg,-8.102294,4.9891243,3.538381,1
15267_4.jpg,24.907814,2.9605012,-1.2724841,1
13764_5.jpg,-0.45418674,-29.188732,0.7183536,1
12198_3.jpg,-5.7329516,-0.54274815,3.8616943,1
11942_5.jpg,6.376311,3.0974605,-2.2585862,1
13353_4.jpg,-5.304947,-6.4508805,-2.8342745,1
14029_2.jpg,-5.089894,-9.110048,-0.6375764,1
12573_2.jpg,-20.104572,14.674915,-10.011953,1
15350_4.jpg,5.3630238,4.195193,-0.8879173,1
8388_3.jpg,-17.517008,-9.212004,1.8701863,1
13353_3.jpg,25.590794,-16.50563,-0.6766087,1
14186_5.jpg,-15.019859,-14.992778,1.9208683,1
14249_3.jpg,-15.778808,-10.85237,5.483667,1
14297_1.jpg,83.709305,-29.994537,-3.7411585,1
12034_5.jpg,5.2928147,-12.337327,-3.1784914,1
13061_5.jpg,-11.956129,4.851264,-0.28212038,1
12035_4.jpg,16.166864,4.370407,3.6250844,1
10517_2.jpg,3.953641,-1.1093796,-4.6693087,1
14302_4.jpg,10.3504095,-1.2505894,-0.6982114,1
6906_2.jpg,16.99902,-26.814156,3.9178598,1
14623_5.jpg,1.0328299,-1.7900081,-2.5075202,1
12865_4.jpg,-0.35423088,-4.1094537,-4.178957,1
14287_5.jpg,8.946687,12.453467,9.934782,1
11657_5-1.jpg,1.7569969,-9.88501,17.78318,1
12324_4.jpg,5.5413227,-14.845297,-0.112151094,1
13397_6.jpg,2.5744874,-11.571362,-1.0960714,1
12202_4.jpg,1.785776,-7.7725644,-2.01913,1
10145_3.jpg,-2.3899426,0.80834293,1.6187105,1
12847_2.jpg,-9.546094,-4.413504,-1.1663475,1
14818_3.jpg,25.099401,15.062279,-6.0707874,1
11731_5.jpg,12.300315,5.649187,-1.0735229,1
14026_2.jpg,6.049874,-5.1899934,-0.09504257,1
13917_3.jpg,9.219814,-3.1763494,-1.8344657,1
11734_5.jpg,-1.9915752,8.200765,-7.007327,1
14618_1.jpg,14.463176,-11.332141,-0.9613231,1
15590_6.jpg,54.78618,1.1712961,17.46335,1
13762_2.jpg,29.350164,24.02694,1.286339,1
14275_4.jpg,75.99806,-5.6187725,-3.7054887,1
12483_2.jpg,1.7005231,-5.6495748,-5.545915,1
14480_2.jpg,5.750147,-14.041786,-1.7367997,1
14577_2.jpg,9.133272,-0.28792927,-3.0136254,1
12053_3.jpg,1.1315901,1.3467692,-1.6261725,1
13801_1.jpg,-3.6138434,-1.1620305,0.2975043,1
13775_2.jpg,0.7079237,2.3154595,0.97560185,1
12054_3.jpg,-8.641871,13.196828,-1.7531825,1
14723_5.jpg,30.520279,19.933495,9.642375,1
10168_2.jpg,0.14883776,0.9697672,-2.5676908,1
12050_2.jpg,0.5582548,6.6852984,2.314957,1
13737_5.jpg,-0.66694176,4.095681,1.0275247,1
15405_5.jpg,-21.360588,-7.4300694,15.669424,1
12197_1.jpg,-5.2987647,13.700352,-0.36997616,1
13397_3.jpg,2.1406589,-13.059189,1.1635389,1
13851_5.jpg,-4.1861634,-12.049323,4.170924,1
10757_3.jpg,3.2559826,10.24897,6.0152097,1
10513_2.jpg,-6.3343735,-10.400121,6.141238,1
14323_4.jpg,8.069045,-3.7196805,1.4591709,1
14249_4.jpg,-41.881535,-9.116849,9.075595,1
15240_6.jpg,4.2029233,-16.279272,2.2076483,1
12845_3.jpg,-6.910324,-5.787239,-1.8166368,1
10535_1.jpg,-0.04925748,-5.201749,3.3308315,1
11732_3.jpg,-16.173782,-8.856535,13.995198,1
14678_4.jpg,-2.7722743,-13.609704,-4.3748255,1
13983_3.jpg,-12.407954,-20.368912,-1.2547008,1
12050_5.jpg,0.5001599,-2.8290994,0.30246842,1
14246_6.jpg,-22.786219,-4.417929,3.2791195,1
13762_6.jpg,-7.309224,-17.79888,4.083302,1
14395_3.jpg,7.425455,1.498155,3.709422,1
10559_5.jpg,5.2349057,-8.685511,3.5680006,1
14244_4.jpg,-10.041802,13.725439,9.964033,1
14025_4.jpg,-15.679383,-28.956478,13.582859,1
16206_3.jpg,-1.6411788,-0.3427877,3.2731519,1
13806_2.jpg,2.1957247,-7.7351727,3.4674067,1
10605_3.jpg,-0.5269232,-9.085438,0.4476721,1
6805_3.jpg,-53.176743,1.456097,3.8015099,1
15344_4.jpg,-0.32614636,-20.103535,5.893385,1
14753_1.jpg,2.7046237,10.43357,-4.7003584,1
15464_1.jpg,-14.4586525,-2.4374704,1.2061844,1
13962_2.jpg,3.4001708,-5.832851,-2.7165573,1
10607_1.jpg,0.5492298,-4.7337766,0.5933232,1
15425_1.jpg,-4.90859,-9.798592,-2.8348553,1
14324_4.jpg,5.0726767,-8.956548,0.071270615,1
10294_3.jpg,-7.6470323,-15.83775,8.388146,1
15020_4.jpg,-74.49719,0.9749873,5.694846,1
12202_2.jpg,-2.8233497,-8.853888,-1.3473574,1
10559_2.jpg,1.3589145,-9.342685,1.1445037,1
14033_3.jpg,8.641943,-9.187458,1.8875388,1
10292_2.jpg,9.377328,-3.0050516,-8.871228,1
14313_3.jpg,5.5985174,-9.257035,-9.172311,1
11529_3.jpg,-0.2566296,-5.8505325,0.5170263,1
14791_4.jpg,11.867122,2.2024772,0.11379078,1
13088_1.jpg,4.242648,2.745512,-8.824062,1
14168_3.jpg,-3.4042847,-8.860704,2.3505607,1
14484_2.jpg,0.7038804,-10.578337,1.3117548,1
11728_5.jpg,21.10925,-11.813005,-3.1142077,1
13872_4.jpg,7.019883,1.487458,7.9345484,1
13766_4.jpg,4.1711183,2.6677804,2.2366161,1
13750_2.jpg,14.207282,16.5145,1.9938107,1
13778_2.jpg,0.6895096,-1.3460759,-2.9252293,1
11675_1-1.jpg,,,,0
11942_4.jpg,,,,0
14117_1.jpg,,,,0
13927_1.jpg,,,,0
13224_3.jpg,,,,0
12199_3.jpg,-1.5975436,-3.7141564,3.5104904,1
14278_1.jpg,8.598652,-0.42547628,-1.4436764,1
11657_2-1.jpg,1.5444883,-18.396767,6.6939654,1
14287_1.jpg,18.546581,10.551599,4.213844,1
10458_4.jpg,46.085762,12.862965,-5.7932816,1
14323_3.jpg,,,,0
14267_3.jpg,,,,0
14247_2.jpg,,,,0
12050_4.jpg,,,,0
14251_1.jpg,,,,0
11535_1.jpg,4.965514,-11.535985,1.8322039,1
16322_1.jpg,-24.313227,13.911456,-4.9331226,1
13754_4.jpg,-1.8344735,-10.679057,8.582108,1
14677_4.jpg,10.333062,-8.240114,-31.060535,1
15461_2.jpg,3.314521,6.6393003,-0.72978204,1
12845_2.jpg,-13.381779,15.600715,-0.5322662,1
14490_5.jpg,0.8310788,-8.371694,-10.299872,1
12847_5.jpg,-7.838366,-6.461533,-3.8074954,1
11731_3.jpg,38.81108,15.959834,9.341325,1
13088_2.jpg,53.193665,-3.9409637,-1.6173387,1
10294_1.jpg,-8.146411,-15.823528,6.325861,1
13737_1.jpg,3.8793142,1.643281,1.2419093,1
14138_6.jpg,1.9167672,-3.5555823,0.9681167,1
13962_4.jpg,-10.453971,-13.19453,0.55804336,1
8387_2.jpg,1.9690611,-7.923578,-2.7168648,1
14168_2.jpg,-0.42823645,-9.629353,-3.1684697,1
13900_2.jpg,-5.3199844,-11.685632,1.4188117,1
13775_5.jpg,-5.2342453,14.85319,4.1720004,1
15903_1.jpg,-42.19696,0.41993764,11.438493,1
12034_2.jpg,-4.1703963,6.528071,15.409583,1
13801_5.jpg,-4.5163803,-0.80206233,-0.05767565,1
14033_1.jpg,3.5468566,-12.282909,2.6546474,1
14256_5.jpg,-2.4393394,-10.618381,1.3327204,1
13210_5.jpg,-4.4302044,10.13859,-0.7889402,1
10766_3.jpg,-14.003798,12.50972,-2.8377805,1
10537_3.jpg,1.5151916,-4.022063,-6.484512,1
12035_3.jpg,11.281826,-10.978656,-5.8548617,1
14119_1.jpg,60.108097,12.789763,6.3545256,1
14248_6.jpg,39.287415,8.176462,-0.30972975,1
14250_3.jpg,1.2310944,2.187429,-1.0473284,1
14138_1.jpg,16.898363,-1.3523465,-1.4911996,1
12282_6.jpg,-10.026011,20.649637,1.5517354,1
12845_4.jpg,-5.2585945,2.2910821,0.92825174,1
14186_6.jpg,-5.118344,0.69364524,-0.64340603,1
13962_1.jpg,-2.2894614,-17.502495,-3.5077531,1
12847_4.jpg,-9.089932,-3.7761674,-0.82793945,1
13838_5.jpg,-1.0205668,10.229969,1.2939124,1
13354_3.jpg,-33.118298,-16.284698,-6.536691,1
12036_1.jpg,-0.40413228,7.336535,3.47089,1
10458_3.jpg,-0.7536558,-6.296485,-4.6225724,1
15842_2.jpg,-4.5855727,0.5566553,-0.26951632,1
10786_2.jpg,-4.0752883,-7.046419,7.0310926,1
13838_3.jpg,-18.020725,13.145879,9.048746,1
14315_4.jpg,9.102939,-7.055126,-1.2178469,1
15498_3.jpg,16.047188,1.5884333,-9.42858,1
12282_id.jpg,-1.7693677,-0.8982259,4.6567745,1
13792_5.jpg,3.6671743,16.864937,-3.8318186,1
14032_2.jpg,-11.256496,-4.2548213,8.799394,1
11535_3.jpg,4.5845237,-1.7160712,-4.2005115,1
14270_2.jpg,5.1816897,-4.140114,-9.735225,1
14261_1.jpg,-0.9519319,-5.95897,-4.003597,1
14753_2.jpg,-9.843443,10.339799,-1.3270733,1
13678_3.jpg,-31.510422,-1.4523636,-4.226221,1
16265_4.jpg,-40.74323,1.2587252,5.7460427,1
13838_4.jpg,8.420701,22.516226,10.039741,1
14020_3.jpg,-1.553937,1.8096229,-6.1199107,1
15498_1.jpg,7.7762504,-0.92583114,6.2270727,1
13851_6.jpg,-4.8393497,-11.322112,9.181381,1
9838_1.jpg,-0.5063665,-6.238862,-9.250036,1
12201_4.jpg,-9.310748,-14.184051,5.0541396,1
14487_3.jpg,17.921263,-8.040875,-12.76618,1
11732_2.jpg,-5.6171584,-5.29783,3.7278583,1
14015_4.jpg,-5.2429714,3.884319,11.145582,1
14256_4.jpg,0.52747345,-8.441056,2.4598787,1
11529_2.jpg,8.262229,6.734014,1.9149227,1
13472_3.jpg,23.106607,6.0048594,-9.910227,1
11942_1.jpg,8.904748,4.8849974,-1.567905,1
12483_3.jpg,-2.5038464,-2.1324418,-5.0915666,1
14484_6.jpg,-6.838376,-14.630113,-7.996955,1
10583_2.jpg,7.879947,-15.422334,-5.7056704,1
14309_1.jpg,2.8949573,3.2249157,-0.6281802,1
13351_1.jpg,5.954273,-20.334417,-4.242517,1
14068_4.jpg,5.208015,2.0712597,1.3612756,1
13802_4.jpg,-8.223628,7.059274,1.6633934,1
6805_1.jpg,-66.28995,-5.667031,-7.773099,1
13061_2.jpg,-0.31042346,-15.703683,-5.1224713,1
15350_2.jpg,21.522022,1.3124933,11.921933,1
12035_5.jpg,50.189278,6.8032966,0.4056336,1
14021_5.jpg,-2.4064999,12.309624,0.77275854,1
12201_1.jpg,-12.717181,3.6318917,14.414576,1
13801_2.jpg,-4.5163803,-0.80206233,-0.05767565,1
13222_6.jpg,1.622781,0.41255105,6.2160873,1
14297_3.jpg,9.043267,8.665659,7.1774807,1
12324_1.jpg,4.577087,-9.46618,2.7809422,1
10555_1.jpg,0.7991812,3.0253847,-3.9553275,1
11925_2.jpg,-20.462181,-20.852947,-8.795492,1
13767_1.jpg,-4.5436573,3.6986992,6.827776,1
14122_3.jpg,-14.258784,-5.588394,-0.1448714,1
15464_2.jpg,10.785324,-4.466885,15.795022,1
11922_2.jpg,1.4505054,-4.669857,-2.432868,1
12204_1.jpg,-7.5216312,-6.7663164,5.509804,1
14122_5.jpg,-40.237537,-11.099694,1.8734941,1
13759_6.jpg,-10.849,-0.58406,0.8995695,1
11680_3.jpg,-35.96011,14.196427,-3.645068,1
14123_6.jpg,0.7522051,-0.01902268,-0.6164873,1
12189_4.jpg,5.941271,-3.342577,23.246134,1
13222_1.jpg,3.4870427,-4.6071005,6.1294923,1
13061_6.jpg,1.887932,-1.8840151,-1.5708688,1
6800_6.jpg,-13.135284,4.2328997,1.6942142,1
14278_6.jpg,8.740951,-2.0877945,-4.3537083,1
13224_5.jpg,-1.8902664,-2.6713178,-5.1389623,1
14301_1.jpg,2.829946,-4.5568247,5.592424,1
14313_5.jpg,-20.522955,-9.284082,-3.0501971,1
14121_1.jpg,-2.8991635,-9.858507,1.7233537,1
15841_1.jpg,-0.1788708,-21.678236,-4.2211018,1
13753_1.jpg,-0.73945415,10.435177,-3.3708205,1
12260_3.jpg,-34.283264,-9.025828,-1.9845876,1
14267_1.jpg,8.229461,-12.552337,2.0144453,1
12196_4.jpg,2.4432697,-19.749874,-3.2907655,1
15692_1.jpg,-1.6560055,-5.659228,2.0014975,1
12865_5.jpg,-0.54605466,1.2520417,-6.094186,1
12994_2.jpg,2.6330998,12.221769,-11.841414,1
14190_3.jpg,-0.50937796,-1.3564353,4.7793326,1
14818_4.jpg,-19.337267,15.811277,5.7002277,1
12192_3.jpg,8.323995,-6.8442793,-2.284034,1
11922_1.jpg,3.3424306,-22.085978,-0.017483387,1
15350_6.jpg,0.19457495,-6.1288843,0.2762822,1
9597_1.jpg,-5.617414,15.871179,-8.503226,1
11673_2.jpg,-47.698727,6.785127,0.093712784,1
10536_1.jpg,3.5250168,-1.343816,-11.643262,1
13621_4.jpg,0.89779925,-0.45172864,-6.121889,1
11680_5.jpg,-8.014139,1.1703807,7.2816806,1
14028_6.jpg,14.22787,-26.977465,-17.859604,1
14317_5.jpg,-6.1357985,-5.3598375,1.3648666,1
10666_2.jpg,-4.474558,4.5898647,-2.090779,1
14033_2.jpg,2.7436264,-11.7471695,3.1376789,1
14249_5.jpg,-59.42054,-24.53437,2.3291805,1
14119_2.jpg,-7.1274695,7.8006682,0.237049,1
14256_6.jpg,-0.9543494,-9.478506,0.7935948,1
13734_6.jpg,-6.743555,-10.721778,7.467083,1
14249_6.jpg,-14.61592,-15.626289,5.4365892,1
13351_id.jpg,-0.29402047,-10.178383,-3.9729052,1
14618_2.jpg,28.213598,-11.090129,0.91264534,1
14126_1.jpg,2.627198,1.0869308,-0.98797077,1
13808_6.jpg,16.774454,-11.654793,-17.615604,1
11536_3.jpg,-2.2943196,-6.8817277,3.209681,1
13808_4.jpg,5.841431,-3.183842,-1.8947976,1
15425_5.jpg,-5.648324,-9.9774885,-3.6046467,1
13737_3.jpg,-10.487359,-1.5667772,-6.0096207,1
14020_1.jpg,4.4223022,-9.755447,-2.7094424,1
10583_4.jpg,0.6659638,-2.675782,-7.594199,1
13793_3.jpg,-4.1821194,5.1455956,-6.3029056,1
13793_4.jpg,-5.051084,-1.2484636,-6.6717076,1
15687_5.jpg,42.116554,-8.558042,2.3910348,1
13793_6.jpg,6.128538,-10.23485,-4.250826,1
9597_2.jpg,24.90983,11.728612,-3.8379517,1
11699_1.jpg,-1.2835219,-8.444563,4.517454,1
13088_4.jpg,57.916775,5.001967,-0.5187107,1
16300_1.jpg,-5.134677,-20.478418,3.1003942,1
14257_1.jpg,2.1163034,7.205247,-7.2062078,1
13986_5.jpg,-1.3062527,3.7856903,5.0968995,1
11617_6.jpg,0.34615698,-7.0286136,1.4782822,1
11363_3.jpg,1.72916,-4.6792536,-0.649807,1
13797_2.jpg,-18.232586,-7.201425,2.3134384,1
10556_1.jpg,-4.1100445,-9.891417,4.293069,1
13355_2.jpg,-51.7737,-7.4132605,2.461969,1
12329_6.jpg,-21.668962,-18.239178,5.5741754,1
14246_5.jpg,-5.786483,0.8505106,-11.641689,1
16275_4.jpg,-18.26547,-39.772003,-2.951856,1
12206_5.jpg,22.592068,-24.242779,-4.271136,1
13566_3.jpg,3.8359544,0.97878265,-17.866035,1
16152_5.jpg,-25.840874,6.9432154,5.808371,1
15590_4.jpg,28.907982,9.724801,2.5093222,1
16265_1.jpg,-2.4324265,0.17813799,-0.040230773,1
15841_2.jpg,-46.21066,-4.2765985,-3.9370513,1
13917_2.jpg,17.514236,-7.6387806,-1.6776707,1
13730_id.jpg,-1.3558455,0.8151138,2.0654743,1
14248_1.jpg,-0.78238565,-7.903105,-4.81989,1
13750_5.jpg,9.663859,-3.0279775,-0.48723483,1
12200_4.jpg,3.3493898,-14.414529,0.4211465,1
13734_3.jpg,-12.46702,-14.816756,2.4345484,1
14024_2.jpg,-1.5167521,-13.658903,0.122681856,1
13808_1.jpg,-3.4827917,9.785498,2.1790333,1
14122_2.jpg,15.25946,-16.038036,-2.6740587,1
12190_5.jpg,36.426727,7.151736,0.00067532575,1
14247_4.jpg,11.906176,-16.146778,-16.816805,1
14319_2.jpg,-4.7527733,3.5521908,2.6490004,1
15411_4.jpg,6.57271,30.4516,-1.6829462,1
14257_4.jpg,-39.14514,11.402627,-1.8830512,1
16206_1.jpg,-0.58748174,-3.5995457,-0.85040206,1
15556_5.jpg,5.79716,3.525074,0.3954007,1
11829_2.jpg,5.46428,0.022141624,-12.758981,1
12053_2.jpg,-4.498793,0.8625292,8.804919,1
16152_6.jpg,-16.242468,-6.706146,4.983328,1
13808_3.jpg,0.43553823,-1.1765773,-4.757871,1
9838_3.jpg,-0.34347662,-5.2293873,5.2598534,1
15344_5.jpg,-3.0737023,-19.88364,6.750205,1
11925_3.jpg,17.908272,-10.951524,-5.232086,1
15841_5.jpg,-28.563019,0.4518171,-4.9226375,1
14034_1.jpg,0.6125753,-2.1943867,-3.0030453,1
11942_id.jpg,7.436754,3.829245,0.94493467,1
11925_6.jpg,-3.1971302,-18.29192,5.4980154,1
16152_1.jpg,-31.606176,-10.967683,9.840698,1
11680_2.jpg,-2.117538,11.802833,3.9511385,1
14317_3.jpg,2.113489,-6.241674,-0.8170512,1
15872_3.jpg,-9.372937,-1.4047124,-0.39873347,1
6805_4.jpg,-5.034571,9.533762,-1.1319069,1
10536_3.jpg,47.393837,13.759135,2.30374,1
13397_id.jpg,6.996456,-5.783611,-1.2988871,1
13753_3.jpg,-0.68341744,7.1069484,-2.728905,1
14480_3.jpg,3.3233829,-11.166776,-1.9854039,1
11729_2.jpg,-1.640634,13.428978,-1.3515341,1
15150_5.jpg,2.8910067,-1.1166824,-2.7458067,1
13796_4.jpg,-2.2429564,-9.222882,-3.4272263,1
13743_3.jpg,-16.563566,-11.232991,-2.7132003,1
15853_1.jpg,3.3263638,-3.139854,-3.6661432,1
13397_1.jpg,66.22875,-10.19159,-9.576108,1
11942_6.jpg,4.7328825,5.2572684,-0.6483026,1
15877_5.jpg,36.28093,-7.3842587,-7.513055,1
15841_6.jpg,-53.603962,-1.5203588,0.7849576,1
14315_5.jpg,-5.2065086,-10.948293,6.7894034,1
12282_2.jpg,-19.958132,23.62159,-2.5334063,1
10145_1.jpg,-1.2953256,-1.6581603,4.2802615,1
10293_2.jpg,-0.448636,19.062086,-6.469275,1
8424_id.jpg,29.749165,21.356186,-2.9767423,1
14484_3.jpg,-4.2733397,-10.662138,-0.19064045,1
13850_2.jpg,-9.903702,1.1835713,-3.5278463,1
14122_1.jpg,-9.215046,-15.11528,-3.4664147,1
11673_id.jpg,14.0042515,7.522704,-1.1054745,1
10561_4.jpg,-15.317899,-10.579457,1.2234199,1
14249_1.jpg,-8.079903,-1.5847632,-4.988719,1
15556_6.jpg,-30.217545,3.7113204,6.876352,1
13803_3.jpg,-4.9164333,-4.8177767,-1.9878527,1
15687_3.jpg,-37.31165,-5.72527,8.00367,1
13838_6.jpg,-24.457201,10.234778,15.066067,1
15150_3.jpg,-0.9131328,-2.5244312,0.4493913,1
14321_1.jpg,5.755172,-0.8988738,1.0473638,1
13797_5.jpg,-19.400162,-6.279965,8.905916,1
11728_1.jpg,6.809304,-17.562239,-1.6832101,1
14065_2.jpg,-7.060916,0.1792972,-0.051348977,1
11733_id.jpg,-3.5428915,3.461454,0.730524,1
16152_4.jpg,-44.477463,7.2792134,6.185322,1
11733_5.jpg,-3.1079342,16.460548,-2.107836,1
14021_2.jpg,8.373872,-0.2868039,2.939157,1
16207_6.jpg,-12.654597,1.63818,1.8266516,1
8424_4.jpg,-0.68965805,1.7371712,1.139541,1
16007_2.jpg,40.959187,-6.4400253,9.078241,1
14790_3.jpg,-11.331447,-3.850745,14.027584,1
13351_5.jpg,53.82013,-5.6224966,3.90519,1
13802_6.jpg,5.087853,4.31886,5.754373,1
14678_5.jpg,-4.3264847,-16.102892,-3.6223178,1
13802_2.jpg,-10.80885,3.6522884,2.3081696,1
13813_1.jpg,-9.852404,-4.862659,-2.464307,1
10292_5.jpg,-3.9882555,-7.848193,0.25976887,1
13802_5.jpg,-10.80885,3.6522884,2.3081696,1
14480_4.jpg,7.7223983,-17.833984,0.33234823,1
10605_1.jpg,-2.529667,-11.320498,1.3634703,1
14015_6.jpg,24.244492,-18.52268,13.587536,1
13958_3.jpg,-27.140234,0.1007503,11.32911,1
15900_3.jpg,-63.650696,-15.265798,17.642294,1
11925_5.jpg,-2.465054,-18.78791,4.0682216,1
12322_2.jpg,-13.974419,-6.6397014,-4.7309566,1
13286_5.jpg,-12.360002,2.9196548,-1.1253693,1
15344_3.jpg,11.3188505,-22.421762,-2.1224544,1
13803_2.jpg,-0.18851009,-9.619082,6.1569204,1
14118_4.jpg,-7.402137,-11.301268,0.8740559,1
12189_2.jpg,-3.929278,-0.43826076,6.924111,1
14123_5.jpg,6.7712708,-1.8106892,0.34471086,1
12197_2.jpg,-36.185345,8.926032,1.8577023,1
14190_4.jpg,-7.8595004,-2.5967689,2.4016733,1
13799_5.jpg,2.3397899,1.1706188,-2.7246246,1
12053_5.jpg,-11.54818,2.357829,-0.40772069,1
10583_3.jpg,9.126989,-14.783458,-2.7543728,1
13900_1.jpg,-2.1554956,-8.766925,-2.9291215,1
15464_6.jpg,-30.739304,-6.81747,-1.834476,1
14053_2.jpg,-4.252427,-11.264613,-0.60460985,1
14620_5.jpg,8.293332,-7.4623914,-6.0514994,1
14121_2.jpg,-7.8662252,-10.44355,1.6667588,1
12324_5.jpg,4.1118073,-13.1896515,-1.377662,1
12193_1.jpg,-2.1839821,-19.52112,0.47935104,1
13771_1.jpg,-3.9795384,-3.2354906,-2.2298222,1
14032_4.jpg,-57.616364,-6.5339317,10.554417,1
11617_2.jpg,0.5703822,2.68149,8.187383,1
13741_3.jpg,-24.526482,-13.097395,7.1824293,1
12282_3.jpg,-15.558879,18.969254,6.142802,1
14124_2.jpg,-7.448716,-6.3845415,-0.6928455,1
14481_4.jpg,13.388874,-7.542024,-14.497806,1
14023_1.jpg,8.077943,-1.2221116,11.931223,1
13838_1.jpg,1.9104494,10.681302,2.7145677,1
14818_2.jpg,16.04962,5.656577,-2.5368197,1
12196_3.jpg,,,,0
10605_2.jpg,,,,0
8388_2.jpg,,,,0
15224_5.jpg,,,,0
14480_1.jpg,,,,0
11929_1.jpg,-4.875187,-5.0954103,0.74006224,1
10757_1.jpg,-57.43717,0.63915014,7.625692,1
15267_3.jpg,17.929771,-7.6720185,3.179469,1
14677_6.jpg,-4.992733,-7.119412,-6.8563676,1
14579_3.jpg,-17.556688,-1.8109994,4.4969845,1
8449_1.jpg,14.978719,-4.509886,-16.04142,1
10513_1.jpg,-38.411427,12.882872,4.586178,1
8387_3.jpg,-10.9349785,-9.877102,5.1033573,1
13733_4.jpg,-18.74651,-6.39607,5.1395173,1
12035_6.jpg,8.073818,11.300307,-0.6770391,1
13751_1.jpg,12.653593,-7.5729523,1.5513386,1
14309_4.jpg,-10.081851,13.424622,0.31425324,1
14313_2.jpg,-9.679486,-9.123913,-6.3072276,1
15568_3.jpg,-37.656914,-7.124938,5.300763,1
13682_1.jpg,2.4384394,-3.356653,-8.980994,1
13584_1.jpg,-4.9093785,-3.795321,1.1357144,1
13733_1.jpg,5.0954294,3.8471034,-1.8902497,1
14753_5.jpg,-3.3122554,18.24264,-5.525726,1
11680_1.jpg,3.9805753,15.2806015,7.7047024,1
15692_3.jpg,-2.844971,5.3454294,1.4276729,1
15568_1.jpg,-12.330933,2.654765,1.3477485,1
13210_6.jpg,-65.39414,-3.0592778,-15.800081,1
14266_3.jpg,-11.005798,-19.544514,-6.278184,1
12051_2.jpg,-4.0452747,-13.365004,8.357632,1
13355_6.jpg,28.825417,-8.119818,3.0742986,1
16250_4.jpg,,,,0
15841_3.jpg,,,,0
14482_4.jpg,,,,0
12322_3.jpg,,,,0
13759_4.jpg,,,,0
12994_6.jpg,27.44805,10.7244,0.8509262,1
10513_5.jpg,2.1947668,-0.94920987,6.9838996,1
14027_6.jpg,-6.240598,-5.026905,-6.718173,1
15461_5.jpg,12.161321,2.5094063,-0.60779077,1
11829_3.jpg,-8.941391,7.808487,4.1590924,1
13764_1.jpg,0.48560616,-14.404056,1.1503905,1
11732_id.jpg,10.622581,-4.7963176,-7.800288,1
6906_4.jpg,-41.959263,-14.824602,-5.7009764,1
13352_1.jpg,-10.199275,-10.255552,-2.2551153,1
14523_1.jpg,6.1645584,11.651719,-0.618514,1
14818_5.jpg,-24.191,20.842129,4.760025,1
14119_3.jpg,-0.12184052,3.4599664,3.570535,1
11936_1.jpg,0.07359159,-9.353773,9.056451,1
13210_4.jpg,35.82793,14.734327,0.7482047,1
13354_6.jpg,-21.561237,1.6272492,4.0468764,1
14315_3.jpg,-9.507692,-5.8428288,4.255226,1
14121_3.jpg,-12.631735,-16.048391,20.012909,1
14317_2.jpg,-4.2505345,2.2908278,0.35642987,1
11465_1.jpg,-7.4732857,8.3611145,-10.163753,1
13210_3.jpg,-6.803013,14.115716,8.237665,1
13805_4.jpg,2.0484948,-3.4539378,-0.9481006,1
13803_5.jpg,0.19211742,-11.946393,2.0895321,1
13795_1.jpg,-2.5871797,-13.7537775,1.0082687,1
10766_4.jpg,-16.65321,10.383034,-7.013888,1
10294_4.jpg,-6.028639,-8.976901,6.226205,1
13286_3.jpg,-2.239952,14.068202,-4.9395275,1
12323_4.jpg,3.6666663,-11.79694,-0.93800247,1
12034_3.jpg,-10.146188,-5.4811788,-0.5104461,1
16275_3.jpg,-12.989873,-31.279026,-3.6561136,1
11363_2.jpg,1.8184192,-5.437546,0.8181506,1
12202_1.jpg,0.65351146,-10.490881,-0.5704831,1
12192_4.jpg,3.172143,-3.4561982,0.46907943,1
14321_3.jpg,10.516242,-1.6983229,-9.006083,1
14677_2.jpg,17.61299,10.315396,-14.158213,1
14024_3.jpg,-2.7151856,-17.05327,-1.5556482,1
13850_5.jpg,4.534234,19.06004,-6.3638134,1
14287_6.jpg,21.5799,4.1851788,1.5618216,1
13736_6.jpg,21.214,5.24502,4.9718,1
13743_5.jpg,5.0370874,-8.224073,1.1610328,1
13741_1.jpg,7.080955,-10.92803,-5.915218,1
14319_4.jpg,1.1967691,-9.313049,3.4703825,1
14725_3.jpg,9.452794,-21.699373,-3.8887017,1
13766_1.jpg,6.5660405,-0.96577525,-8.831275,1
11702_2.jpg,2.1965532,-0.13686419,-2.4757624,1
14313_4.jpg,2.54242,-7.6927094,-4.643784,1
11702_3.jpg,0.7669164,2.1912537,-3.7342763,1
10145_4.jpg,2.787267,-2.9046283,1.836193,1
15903_4.jpg,-23.14441,3.5156999,6.8176146,1
10766_id.jpg,-14.15699,13.922137,-7.1045527,1
12323_1.jpg,-0.87568736,-9.9309845,2.1214044,1
15900_2.jpg,-16.819462,-6.5338717,3.08936,1
10537_1.jpg,-16.361067,-10.516225,1.2438735,1
13850_3.jpg,-44.51846,-4.2452226,7.8905168,1
14120_6.jpg,-17.278055,-5.185618,11.472193,1
15872_1.jpg,-13.400172,-3.0959504,1.4786847,1
14028_2.jpg,11.475272,-11.523618,-0.2975659,1
12203_2.jpg,-7.502766,-9.325585,2.0598419,1
15971_6.jpg,-30.847422,-4.521138,-10.186609,1
15872_2.jpg,-7.873749,-7.8341084,2.514268,1
14286_5.jpg,-1.7300884,-16.795227,-0.7601377,1
10583_1.jpg,1.075137,-7.1741414,-2.5189457,1
14026_4.jpg,-10.012253,-2.999455,3.0539098,1
15405_1.jpg,-8.405927,0.5631171,1.1872643,1
16320_6.jpg,0.6746376,3.6844392,-5.5977883,1
6779_4.jpg,3.6677523,4.556292,-1.1164261,1
14138_3.jpg,10.655435,-23.220364,-3.2286236,1
14317_6.jpg,-3.2412074,0.91518843,2.6410744,1
14065_6.jpg,-47.14467,3.5993545,3.6809957,1
12051_1.jpg,-7.2663074,-15.423304,-5.7167664,1
15350_3.jpg,-3.8893645,-0.46730408,1.6276325,1
13737_2.jpg,0.78084505,2.9712129,-1.4096394,1
13962_5.jpg,-7.857393,-15.664971,0.6751546,1
11936_4.jpg,-5.716491,-4.375536,7.054012,1
16322_6.jpg,-11.855693,14.446108,-4.370501,1
13682_6.jpg,-7.1312413,-2.2838378,-5.5093694,1
13983_2.jpg,9.264817,10.969299,-8.224958,1
16104_3.jpg,-2.7946343,1.2409198,-0.48616952,1
14266_1.jpg,-15.664045,-15.675741,0.9098227,1
13734_1.jpg,-11.241757,-13.913696,0.97052324,1
15370_2.jpg,1.6555586,16.927456,-11.249103,1
14791_1.jpg,9.327968,-0.37857643,-9.3276415,1
14028_5.jpg,4.562028,4.745077,0.6075597,1
16054_4.jpg,-6.973873,-3.9767005,6.4742484,1
14127_5.jpg,-31.27476,-14.580983,26.747196,1
14577_3.jpg,5.6644163,-0.12110199,-1.1584628,1
13566_4.jpg,-2.7594318,-14.799253,-24.575642,1
13958_1.jpg,-38.712524,-3.4509103,-1.7789587,1
14287_4.jpg,17.10487,11.600808,7.210476,1
14322_4.jpg,-22.43356,-5.955767,8.738736,1
14319_5.jpg,-9.972499,-2.4200249,4.4215946,1
11675_5.jpg,,,,0
13793_2.jpg,,,,0
13927_6.jpg,,,,0
13927_2.jpg,,,,0
15853_2.jpg,,,,0
15224_3.jpg,-8.603511,0.24171938,-0.34274152,1
14256_3.jpg,-17.7423,-12.797646,0.3893319,1
14256_1.jpg,-24.565477,-17.914186,5.122885,1
11942_2.jpg,19.245308,-2.7307339,-2.0637343,1
10563_6.jpg,14.952202,-1.6820652,-9.31865,1
10556_4.jpg,-2.05818,-15.103524,-2.2844648,1
12189_3.jpg,-12.765451,-2.4690082,6.2059255,1
15689_1.jpg,-37.03585,-6.937817,3.1541903,1
14246_1.jpg,-0.6288888,2.1632257,-3.4048152,1
11948_5.jpg,74.5828,-0.25355214,-10.60507,1
15370_4.jpg,4.5519676,-2.864396,-1.050298,1
11923_1.jpg,1.1808977,-4.5110555,0.15689354,1
11728_6.jpg,-6.390737,12.935132,9.089747,1
11607_1.jpg,0.39125946,-2.2555656,0.26106647,1
12867_4.jpg,-0.7051578,1.2899119,-3.3694186,1
15841_4.jpg,,,,0
11731_1.jpg,,,,0
14244_5.jpg,,,,0
14190_5.jpg,,,,0
12324_3.jpg,,,,0
14395_4.jpg,1.8543607,-5.9491534,2.5953202,1
13351_2.jpg,11.548969,6.5416656,-15.136467,1
13799_4.jpg,5.7022047,0.07147902,-0.6224158,1
13796_2.jpg,0.4518341,-5.525878,-2.8910525,1
15877_1.jpg,78.49953,-1.9531522,-2.1023219,1
11734_2.jpg,-3.7671978,6.926395,2.7078352,1
12566_3.jpg,-25.88245,2.6423163,-3.9282074,1
13958_6.jpg,-21.61456,6.573923,4.8419347,1
14030_6.jpg,14.0744295,-0.20183577,-5.700632,1
14028_4.jpg,6.395586,1.2099314,-2.209127,1
13917_4.jpg,6.0930743,-5.1937695,-6.1564,1
14322_1.jpg,-5.9055667,15.257991,-3.2592762,1
13796_1.jpg,24.694414,-23.745132,-2.995308,1
10563_5.jpg,19.00257,0.33731982,-0.10257449,1
13962_3.jpg,62.105595,-15.95242,1.6176034,1
13754_5.jpg,-3.6852896,-3.4105146,12.247767,1
10561_2.jpg,-0.22373249,-10.441909,-3.438911,1
12566_1.jpg,2.0367513,-5.0890746,-2.4105906,1
13775_1.jpg,-3.0224469,-2.1687305,6.125434,1
12199_1.jpg,1.407237,-1.7384921,-2.1452684,1
14818_1.jpg,14.15145,6.4432983,-7.7444987,1
13584_4.jpg,12.829097,-1.7785666,-14.563431,1
12847_1.jpg,-24.40232,-3.221522,3.6413996,1
15411_3.jpg,46.67272,-30.899803,3.1905963,1
10559_3.jpg,11.793254,-35.743073,5.491884,1
14324_6.jpg,-3.263953,-5.8377037,-3.0256197,1
12201_2.jpg,-6.0057063,-5.72232,0.44660363,1
14023_5.jpg,0.99743724,-2.9403636,22.41564,1
11535_2.jpg,-3.3575063,-8.081484,-2.4506104,1
14065_1.jpg,-33.795933,1.570325,5.6476083,1
12204_6.jpg,-12.268969,-11.300449,3.289807,1
13850_4.jpg,-34.371536,-9.163898,3.4600818,1
14678_6.jpg,0.91643286,-13.923224,-4.177459,1
12782_id.jpg,13.886059,-8.632711,4.8487773,1
15903_2.jpg,-13.546238,14.35364,-8.180273,1
14250_4.jpg,7.3795652,5.51342,-3.7193747,1
13771_4.jpg,-9.652013,-5.4623404,3.8120651,1
14248_5.jpg,-23.573576,14.898624,8.553133,1
11729_1.jpg,-2.2405992,15.753,3.8698227,1
15267_6.jpg,5.4534197,12.781599,0.40588865,1
13210_1.jpg,-4.499441,5.1245093,5.689423,1
11927_1.jpg,3.7693164,-9.48967,-4.0335746,1
6800_4.jpg,-23.374245,21.140131,4.2708964,1
10513_3.jpg,26.666132,1.127287,11.260178,1
14021_3.jpg,2.2723727,-5.4942565,-1.1567819,1
12358_2.jpg,1.7877281,-3.752822,1.3003783,1
14302_1.jpg,22.025295,4.6309094,-2.2968192,1
15689_4.jpg,-3.8529398,-8.911097,1.1816723,1
14120_5.jpg,18.15749,-4.638677,-21.401901,1
14186_2.jpg,-9.229411,0.8356504,-0.059992153,1
14066_2.jpg,-1.7539258,-3.3649287,-2.8732533,1
11673_1.jpg,27.60343,4.7231946,-5.069183,1
9729_4.jpg,-22.020327,15.380165,-5.35082,1
13729_4.jpg,-1.5709362,-9.733252,2.7888706,1
16007_3.jpg,18.845339,-1.3551012,23.710754,1
14023_6.jpg,12.912002,0.08973241,13.363895,1
13566_6.jpg,-5.988628,-18.593763,5.1042356,1
14313_6.jpg,10.829815,-8.24017,-4.929933,1
15842_5.jpg,-27.378479,6.397678,-6.355873,1
16275_2.jpg,-38.200054,-6.5678596,11.230251,1
14244_2.jpg,-8.133798,3.7172582,4.9036875,1
14026_3.jpg,-10.9070015,-5.179238,2.8197243,1
11607_5.jpg,9.064513,6.1303816,0.33517098,1
13838_2.jpg,-10.537227,11.504404,6.1893597,1
15556_1.jpg,21.289865,5.578063,3.352013,1
13750_1.jpg,-0.43588766,-9.801639,6.82316,1
14029_5.jpg,-3.620332,-7.044179,-1.4701641,1
16275_1.jpg,-18.686827,-1.161095,-0.11667961,1
10465_1.jpg,7.4801927,-2.809862,-3.324096,1
13801_4.jpg,-3.8225367,-2.3693817,0.27668896,1
13813_3.jpg,-5.611342,-7.122424,-1.9070934,1
10766_2.jpg,-11.057629,9.370088,-2.7537577,1
12994_5.jpg,-23.353132,5.6919117,-7.6530743,1
13355_5.jpg,-38.287876,-5.12959,0.7674479,1
15009_2.jpg,-16.390923,10.728951,2.6829355,1
11929_id.jpg,-4.6305375,0.68026555,4.245466,1
16320_1.jpg,-10.199377,11.337285,6.3877306,1
14028_1.jpg,2.4918401,-0.16079585,-6.1860576,1
13354_4.jpg,-8.83323,3.4837968,-1.8699832,1
13742_3.jpg,-7.357556,-3.103582,-2.765714,1
14488_3.jpg,-2.7113366,-7.179259,-4.604023,1
14124_3.jpg,-65.70532,-11.505326,-2.729425,1
15370_1.jpg,11.170525,-3.43158,-5.731646,1
13584_3.jpg,1.2124851,8.572594,-0.3669735,1
14577_5.jpg,14.658668,-0.32428914,-10.529215,1
15009_3.jpg,-4.079674,16.532436,-0.6014684,1
14130_3.jpg,-9.383228,-13.703286,7.9439983,1
14244_3.jpg,-8.740368,14.282569,11.9507065,1
12200_1.jpg,7.7982326,-10.237434,-0.9499277,1
14025_6.jpg,13.328354,-10.593798,-6.504039,1
14261_4.jpg,-0.9519319,-5.95897,-4.003597,1
14312_4.jpg,4.8962536,16.229813,1.2441391,1
12050_3.jpg,-16.971016,8.439799,8.80905,1
10605_5.jpg,-19.563255,8.187458,-3.501108,1
15425_2.jpg,-9.665632,-5.502016,1.5899149,1
13958_2.jpg,-3.5195394,0.743244,-3.5978088,1
13222_id.jpg,1.5240606,-0.056715377,2.43113,1
14246_4.jpg,-7.230835,-0.10451981,-16.183456,1
16250_2.jpg,16.827703,-14.787272,7.1573715,1
13353_5.jpg,-6.861329,-5.7352567,-0.57406515,1
15971_5.jpg,0.34459153,0.08987354,2.057437,1
12994_1.jpg,9.2834835,5.378514,-0.14148,1
13792_6.jpg,-0.39169157,-0.013456296,-2.4962313,1
13767_5.jpg,-0.718221,2.9779105,-1.3188123,1
12203_1.jpg,3.0577955,-16.229887,1.4741821,1
15464_4.jpg,-2.745599,-3.4969,2.7707746,1
12035_2.jpg,-29.418968,-9.123894,9.545921,1
14753_6.jpg,0.65702707,12.369762,-1.9817137,1
14128_2.jpg,-11.917375,-16.495016,-5.9836793,1
14620_3.jpg,-5.008937,-16.479166,-4.0438476,1
13792_4.jpg,-5.0534983,-3.0361583,-5.768097,1
14021_1.jpg,-5.9090896,-2.0563588,1.8544183,1
8388_4.jpg,-3.499939,-6.8543973,-0.7907552,1
14678_3.jpg,11.298687,-7.5792284,-8.165703,1
13797_4.jpg,-0.26280734,4.8002906,-0.14706062,1
13730_3.jpg,-14.727926,-15.154844,18.181683,1
13872_5.jpg,28.759129,3.1357267,7.415238,1
14120_2.jpg,7.540269,-5.4911966,0.52917695,1
14081_2.jpg,-27.1209,14.629463,-2.9983532,1
14124_4.jpg,-5.26238,-9.577836,-6.094189,1
15853_3.jpg,-6.1999726,-0.6444522,0.5581919,1
11729_4.jpg,4.9969716,25.579231,3.864282,1
13354_2.jpg,-4.1517487,-1.970542,1.5229342,1
14126_5.jpg,5.1940026,2.2828553,11.845354,1
9838_2.jpg,-3.3178334,-1.4043555,3.0298038,1
16054_5.jpg,-6.517659,-5.496889,0.22613285,1
10513_4.jpg,-1.611278,15.576565,9.116573,1
12054_2.jpg,-17.268831,7.1605396,-0.07148455,1
15892_2.jpg,-25.993422,12.677855,17.713062,1
14790_2.jpg,-10.631984,6.1741295,-0.54267603,1
14275_3.jpg,41.77007,-3.7742026,-12.245185,1
14297_2.jpg,-23.751663,1.024375,-0.24296275,1
14678_1.jpg,-4.0453286,-10.5987215,-2.877473,1
14490_3.jpg,-3.41038,-2.5741134,1.8557732,1
14579_1.jpg,-23.302414,3.1869879,6.5701184,1
11673_3.jpg,-1.0577891,-2.1898735,-6.480737,1
10536_2.jpg,77.999565,-12.64154,2.874685,1
12358_id.jpg,1.2235558,1.1890486,-0.9882894,1
11924_3.jpg,1.049056,-10.467762,-0.17536803,1
15687_4.jpg,-19.738474,-10.256574,4.164242,1
13621_5.jpg,21.214777,-0.77595323,-4.388531,1
14120_4.jpg,20.539839,-12.231397,12.633741,1
11675_4-1.jpg,5.4580126,-1.8774816,7.6879416,1
16206_4.jpg,-15.294747,-8.323694,3.7980447,1
12189_6.jpg,-1.2219759,-11.366909,1.8249416,1
11924_5.jpg,1.9375135,-7.4819846,-7.679018,1
15853_5.jpg,-25.45369,-2.3353841,1.238468,1
14723_6.jpg,-30.596426,11.92873,15.260009,1
8388_5.jpg,-18.52312,-7.383722,-1.4081401,1
12782_1.jpg,7.475351,-6.74014,-0.7980072,1
14023_2.jpg,-3.1238184,-0.6326982,19.213705,1
15918_4.jpg,-19.69668,-11.788867,-0.9585063,1
14168_6.jpg,-8.970512,-9.120382,18.129929,1
12190_1.jpg,-4.184738,-2.9723992,13.622963,1
14020_2.jpg,1.746434,2.2255006,-0.16788985,1
10757_2.jpg,-12.959809,5.0172696,-7.791654,1
14026_5.jpg,9.766557,-10.388924,3.6154892,1
14482_5.jpg,67.01639,-13.167568,6.4375954,1
14267_4.jpg,-5.778219,-15.109842,6.984539,1
12329_2.jpg,55.43243,0.67621875,-13.09285,1
15020_2.jpg,-23.707182,3.749287,-1.780867,1
15689_2.jpg,32.747406,-8.442343,-2.0545757,1
13927_5.jpg,54.625645,-2.716265,0.6453009,1
10294_6.jpg,0.99503124,-5.871664,1.6895621,1
13792_3.jpg,9.465899,-10.418112,-4.9568057,1
14577_1.jpg,17.573902,-7.907415,-4.5246367,1
10607_3.jpg,12.696877,0.2842655,3.148119,1
16322_2.jpg,13.885616,7.666881,-5.9923244,1
11923_2.jpg,19.775106,-0.15632497,2.036259,1
6906_id.jpg,-39.577057,-6.0783625,-4.4793887,1
11529_1.jpg,16.600554,13.774912,16.441818,1
13736_5.jpg,-2.8386395,-0.7680269,3.20199,1
14488_2.jpg,-6.002389,-8.941744,-0.7981838,1
13397_4.jpg,-1.3475809,-16.941956,-1.8504235,1
14361_5.jpg,4.723267,-0.52507484,9.668203,1
12199_2.jpg,1.983292,-3.6997008,-3.164725,1
12200_3.jpg,5.873279,-11.547257,0.6177855,1
14066_5.jpg,-1.5820156,-3.6563182,-5.831226,1
13986_3.jpg,-48.957138,6.483366,-0.31999084,1
13224_2.jpg,-8.16046,1.719033,6.166892,1
12573_3.jpg,19.842758,2.722109,-2.1493802,1
13355_id.jpg,11.658429,2.1346054,-2.0826669,1
14791_2.jpg,21.84798,-1.7522614,0.4488795,1
14118_6.jpg,-4.492787,-11.650807,0.8128316,1
11531_4.jpg,9.255722,2.7934363,-7.6421423,1
13767_3.jpg,3.1657567,3.5895014,-2.1422274,1
13797_3.jpg,-21.607563,4.3302774,-1.4171646,1
8424_2.jpg,-12.954671,-3.4113188,9.351638,1
13900_6.jpg,-5.2611785,-4.19434,-1.0835756,1
14127_3.jpg,2.9592395,-13.751561,26.22546,1
14302_2.jpg,7.701609,-2.1597192,-3.207121,1
14168_4.jpg,-18.619022,-13.406084,11.013847,1
15692_2.jpg,7.911519,2.3761425,-6.8074584,1
15224_2.jpg,-14.814651,-9.160068,0.97406036,1
13354_1.jpg,19.11345,8.070491,-1.337752,1
10535_3.jpg,-1.1107951,0.31186622,6.931138,1
14725_1.jpg,8.176335,-5.4599776,-4.274013,1
14118_5.jpg,-5.7834997,-47.003117,1.6913788,1
14318_6.jpg,-6.802648,10.833877,3.746332,1
11536_2.jpg,-2.1815724,-2.8586571,2.707763,1
11925_1.jpg,-1.3615692,-13.567109,10.516497,1
14065_3.jpg,-12.937143,8.048808,4.004126,1
13771_6.jpg,-0.32310036,-2.1340578,-2.6397736,1
15590_2.jpg,31.45748,6.0575037,9.112346,1
8388_6.jpg,-13.47624,-11.335542,4.0447984,1
14321_4.jpg,3.690588,-9.158404,-0.105137326,1
12260_2.jpg,-19.711103,-13.31815,0.20908369,1
16104_5.jpg,-16.538881,16.106949,1.6404098,1
13762_4.jpg,-4.832309,22.87193,-12.719055,1
11948_3.jpg,-27.930674,-9.765471,5.7603407,1
15461_3.jpg,-7.8992815,5.580921,1.4117774,1
14302_6.jpg,41.71542,7.6107016,3.977507,1
12189_1.jpg,-27.139225,12.765818,11.146491,1
12573_1.jpg,-1.3689904,-7.806087,-9.217424,1
14130_5.jpg,2.1247225,-7.6932864,-5.0594745,1
15971_2.jpg,0.60608816,-8.133397,1.4107352,1
10563_4.jpg,-7.6444726,4.975051,-0.67816883,1
11927_2.jpg,16.13363,-2.8828642,-6.632642,1
6800_5.jpg,-17.99216,3.25969,2.9647067,1
6779_1.jpg,6.9383326,-1.122518,-3.129815,1
16007_5.jpg,-0.7435375,-0.76852876,-2.019592,1
12199_4.jpg,-20.81895,-6.4044795,13.790288,1
14481_1.jpg,4.2834992,-5.842525,-3.7795572,1
11680_4.jpg,2.7465074,19.04786,-11.447311,1
14015_3.jpg,12.726512,5.583347,11.843856,1
12867_1.jpg,-12.617052,-6.225551,13.422143,1
15892_4.jpg,-3.3177488,-7.1965814,5.456167,1
14286_3.jpg,-2.6305816,-15.326877,-1.203639,1
14257_3.jpg,-36.73184,20.429478,-2.4172473,1
12189_5.jpg,-20.175148,-12.1882925,7.3110304,1
11734_4.jpg,0.15896387,5.262137,-4.8618817,1
13353_1.jpg,16.630451,-30.20592,1.2257152,1
15556_2.jpg,50.275856,5.601441,2.0911522,1
12845_1.jpg,-8.868749,29.069628,-0.67752385,1
10666_1.jpg,-1.5685115,-6.9304647,2.976588,1
14725_5.jpg,10.676031,-21.630014,-5.092144,1
13742_4.jpg,-1.6422858,0.6327895,-2.6254475,1
15872_6.jpg,5.193736,-0.5179882,-0.7344696,1
14119_5.jpg,-23.0782,13.047637,-21.40101,1
10294_2.jpg,-6.915918,-16.508524,6.292614,1
14323_1.jpg,-0.3541192,-7.3350983,0.6974364,1
14318_2.jpg,-0.76368546,14.948284,1.8615324,1
13766_3.jpg,-0.37528473,-0.3084697,-0.7209861,1
13754_2.jpg,-8.277691,-10.322699,13.883259,1
14484_5.jpg,3.3228064,-9.603362,-4.3022256,1
13797_1.jpg,-2.9785907,-5.7997255,-0.16085781,1
11699_2.jpg,-36.005604,-7.8291945,13.6074095,1
14081_6.jpg,1.8813492,-8.414131,-1.7265372,1
13730_1.jpg,-2.10657,-9.179819,1.8813869,1
13736_1.jpg,6.4450784,-6.716642,2.5108144,1
14286_1.jpg,-0.23443376,-13.941448,0.37828216,1
10168_4.jpg,1.4735779,2.8589282,-2.8617508,1
13729_2.jpg,4.823075,-12.229433,0.23131014,1
14267_5.jpg,7.339155,-22.24708,-0.1112601,1
6800_3.jpg,1.8336272,12.51998,5.072909,1
15842_1.jpg,8.537794,-4.7303004,4.0614705,1
10607_2.jpg,-1.3049542,-1.1089414,0.1988631,1
10145_5.jpg,2.406358,2.0797193,-0.102868825,1
10517_3.jpg,-0.66001683,18.16175,0.24491568,1
16250_6.jpg,2.6201174,-5.147042,-6.1568155,1
13397_5.jpg,-2.8425543,-14.731913,-4.346457,1
11675_4.jpg,-41.944714,3.6881142,2.3230708,1
12282_5.jpg,-0.19521102,0.82449126,6.9686584,1
11936_5.jpg,-40.290768,-11.190807,-2.4705355,1
12034_4.jpg,-6.0440216,-7.700945,1.4672682,1
14297_5.jpg,-26.074703,-4.1121535,3.1897194,1
14490_4.jpg,-2.8032947,-13.360714,-2.6662889,1
10293_3.jpg,-4.7992964,1.0551265,-0.028821059,1
14261_6.jpg,3.3028493,-12.150395,-4.87397,1
11535_4.jpg,-17.940384,-6.035337,2.8077521,1
13397_2.jpg,-11.529348,-15.856293,0.9122347,1
14126_2.jpg,0.11159669,-0.37797678,-0.13650279,1
11924_4.jpg,-1.5617452,-10.669313,2.5699606,1
14483_3.jpg,2.3891313,-9.923346,-2.4143403,1
8388_1.jpg,-11.74186,-12.44484,1.3047111,1
14318_1.jpg,-2.7310276,21.180386,0.8782272,1
15411_2.jpg,3.1767633,-0.14142443,-2.721621,1
12203_3.jpg,-9.813219,-6.3198247,1.5863855,1
13353_2.jpg,-6.2423353,-10.855953,3.1273534,1
14029_1.jpg,-2.4207273,-5.8669314,-0.7165135,1
13801_6.jpg,-4.5163803,-0.80206233,-0.05767565,1
14302_3.jpg,37.229313,8.53881,-1.4374568,1
14312_6.jpg,-4.3027515,3.9212153,1.074517,1
14487_1.jpg,-0.39839685,-3.3588903,-2.9485276,1
15971_1.jpg,-0.9203217,-7.339659,-0.3351133,1
14126_4.jpg,1.5494316,-3.24883,-0.3134336,1
13796_6.jpg,11.205603,-5.893551,2.5005922,1
14033_6.jpg,1.9132894,-12.822682,3.5804234,1
13983_6.jpg,-10.299485,-6.0636635,8.575861,1
10786_id.jpg,9.4212475,2.9000082,1.0576967,1
10561_3.jpg,-9.757251,-18.21686,1.7362849,1
14130_2.jpg,-3.995074,-19.206615,0.7246987,1
13222_5.jpg,-1.9274538,0.25010738,4.716036,1
14025_1.jpg,79.176834,-20.335745,-6.4813104,1
12192_2.jpg,1.5701433,-6.4693227,-2.7081058,1
13566_5.jpg,-4.4789796,-17.351746,6.027686,1
14723_1.jpg,-11.298056,12.760522,-0.33306026,1
13767_6.jpg,-12.01959,8.0552435,-7.3365126,1
15689_3.jpg,-19.744476,1.2603246,5.525631,1
14480_5.jpg,8.52581,-7.9554114,-3.737819,1
15692_4.jpg,-6.1357827,0.4357456,1.3412043,1
14186_4.jpg,-7.4540997,0.5727808,0.7030436,1
13566_2.jpg,-5.622014,-13.173129,-8.776332,1
13806_5.jpg,3.4475842,-5.0501637,4.161157,1
16265_3.jpg,-5.1797457,0.073379755,5.0899134,1
13734_5.jpg,-25.884726,-21.337032,34.521603,1
11702_4.jpg,4.15354,2.4086,-5.135806,1
9729_1.jpg,-7.527384,-15.595446,-2.5949345,1
14068_5.jpg,-9.35889,7.504325,5.169909,1
13222_2.jpg,1.6721913,-7.05069,3.924128,1
14287_2.jpg,5.7699013,7.0642543,2.9332254,1
12566_2.jpg,-19.449911,9.023047,-0.4984886,1
11675_1.jpg,28.891542,1.3569393,2.9422977,1
13983_4.jpg,-12.978416,-4.4627995,11.979334,1
11871_2.jpg,-24.468048,-4.6375275,6.59379,1
10168_1.jpg,0.93346024,2.8211133,-0.66898614,1
14622_6.jpg,-24.874804,5.011176,-4.592828,1
13755_5.jpg,-3.2282755,4.4568896,-5.929272,1
12865_2.jpg,-12.181804,14.9886265,-8.481363,1
12782_5.jpg,-3.9731555,-3.2000515,4.9609365,1
14190_1.jpg,7.209639,-3.3135252,1.6951312,1
15020_3.jpg,-43.375484,6.2588787,-2.4379563,1
14312_2.jpg,1.9363655,7.2151265,1.7329712,1
11536_4.jpg,-30.992186,-3.871793,-0.6439507,1
12205_2.jpg,-8.140638,1.5193951,-7.16256,1
14248_2.jpg,-5.8203206,-6.523179,-2.5978703,1
15009_1.jpg,-0.20774093,8.610377,-2.270753,1
16300_4.jpg,-9.027084,-17.975475,1.816807,1
13927_4.jpg,-0.34358093,-0.9595356,1.6911196,1
14723_3.jpg,-11.743046,1.5278826,-4.476729,1
11733_3.jpg,-4.7530913,5.562089,3.5071435,1
12782_6.jpg,-2.1854048,-10.598371,2.2876613,1
10559_4.jpg,-31.294336,-27.753014,-11.817037,1
14034_2.jpg,4.96184,-13.397691,-4.498606,1
12994_4.jpg,-6.1005516,4.8239293,-1.1157229,1
11936_3.jpg,-3.6262763,-3.2060738,0.34780478,1
14022_6.jpg,5.879074,-10.545738,-4.7211,1
13682_5.jpg,8.311125,-6.1635027,-13.235389,1
12323_3.jpg,4.440934,-11.623783,-0.1682804,1
14119_4.jpg,3.2686286,-9.548756,1.566989,1
14250_1.jpg,-7.4243712,-5.527572,-0.53029156,1
13730_6.jpg,-3.8933132,-8.728804,5.3056746,1
10605_4.jpg,-8.860113,-13.768401,1.605536,1
14118_1.jpg,-9.124575,-14.228398,-0.06779874,1
14065_4.jpg,24.492302,8.132716,-13.04174,1
15556_3.jpg,15.337189,9.512623,-16.382372,1
10486_4.jpg,-3.4565675,-8.3416815,4.3463306,1
13737_6.jpg,-0.9341584,-10.313281,-0.93628484,1
13762_3.jpg,11.367781,16.892515,-2.0125234,1
14723_4.jpg,-31.233625,-1.6235619,4.090232,1
13678_1.jpg,2.7326198,-15.376528,-1.9184895,1
14123_3.jpg,-5.537369,-0.8900575,2.1774316,1
10292_1.jpg,4.356046,-5.486602,-5.386252,1
12036_4.jpg,-10.327099,6.875172,15.249162,1
11617_3.jpg,20.995787,3.8018193,5.6725826,1
14795_1.jpg,-1.8682796,-10.655532,1.0716817,1
11657_4.jpg,9.970431,-11.947347,-7.6079507,1
13767_4.jpg,2.0523288,1.1451972,-9.088649,1
14118_2.jpg,-5.9203916,-8.597476,0.9138732,1
12201_3.jpg,-11.45761,-11.332853,8.312032,1
16300_5.jpg,-7.968526,-20.055943,3.4561586,1
11702_5.jpg,9.071278,-1.1373453,-5.817112,1
13752_5.jpg,-6.2253723,-5.5507264,-1.0377321,1
13813_5.jpg,24.45024,-3.5871742,-3.3701851,1
13803_1.jpg,-2.440107,-15.477932,4.86032,1
13983_5.jpg,-3.1760483,1.8238825,4.407304,1
15267_5.jpg,-6.964041,-3.4273963,-3.299087,1
14323_5.jpg,23.42823,-0.24295905,-7.1938787,1
13224_1.jpg,-6.3666306,2.8914273,-0.9717199,1
14248_4.jpg,-3.2905314,-3.5565565,-2.536432,1
14301_6.jpg,-4.0245686,9.079789,8.602291,1
14622_3.jpg,-5.264498,6.220655,3.8657875,1
14482_1.jpg,3.537459,1.7515374,-6.3193345,1
12868_1.jpg,-5.617037,15.607492,0.5667268,1
11657_1.jpg,5.5205994,-11.722142,-1.5694504,1
12994_3.jpg,0.08996807,4.7419624,-0.29911909,1
14623_1.jpg,4.7644424,-10.577224,-0.38746288,1
14523_2.jpg,-1.6568866,5.44308,0.055159733,1
10168_3.jpg,4.1847844,10.741036,-1.11551,1
15020_5.jpg,-33.920258,13.230984,-5.685793,1
14309_3.jpg,-1.6384184,14.643365,-5.4003143,1
12206_1.jpg,46.48412,-17.566687,14.149357,1
14032_3.jpg,-33.089066,-5.611854,1.5277287,1
15892_1.jpg,4.040801,-0.1631903,4.845563,1
8424_1.jpg,5.1692805,-3.197124,1.8574827,1
13743_1.jpg,-6.1935487,-3.1597471,-0.04710088,1
13621_3.jpg,-12.232898,-5.2900386,-0.97374815,1
12202_3.jpg,3.486734,-7.8432875,-1.938907,1
13986_6.jpg,-40.915913,-2.9109783,-9.941143,1
14025_5.jpg,8.674199,-3.7857459,5.6180534,1
13759_1.jpg,-0.81405103,-6.73968,-1.2674757,1
13795_3.jpg,-3.0632362,-14.201811,1.5262811,1
14301_3.jpg,0.9906973,14.880212,3.723233,1
11531_1.jpg,-1.1612417,6.2221293,-4.950025,1
11948_4.jpg,-47.98702,-11.25659,11.492868,1
13729_5.jpg,0.5629124,-8.088251,0.16540864,1
13621_6.jpg,-42.654816,4.9052753,2.322807,1
13730_5.jpg,-10.226747,-5.825151,11.055251,1
14319_6.jpg,2.3696358,2.8650124,-9.353769,1
15344_1.jpg,-1.423289,-10.729427,1.797353,1
14247_6.jpg,6.213772,-15.505775,-6.603551,1
12205_3.jpg,-38.010002,0.32941955,2.8211854,1
13752_6.jpg,-5.257766,-13.125508,-1.9856578,1
15344_2.jpg,-7.790667,-22.565317,1.9475276,1
15903_3.jpg,-35.18208,-3.545141,7.988956,1
16104_2.jpg,-7.9631715,14.71215,7.628819,1
14278_4.jpg,-2.9751494,-5.2817454,-0.4286875,1
14620_6.jpg,0.16908877,-3.8765154,-2.65192,1
14256_2.jpg,2.9980106,-10.302782,1.3768439,1
15461_1.jpg,-0.747517,11.269608,5.7592344,1
13900_4.jpg,-6.020729,-8.837308,-2.9640644,1
12193_2.jpg,-9.510233,-16.767357,1.471658,1
14395_6.jpg,-12.687112,-10.307046,10.012709,1
15687_2.jpg,6.3932962,15.673606,4.765899,1
8449_id.jpg,-2.078938,-4.0562806,2.3429031,1
11465_2.jpg,6.93777,8.080908,-16.260654,1
15224_4.jpg,-38.00167,4.973845,6.2769547,1
14318_3.jpg,0.014785864,12.339115,11.700584,1
12204_3.jpg,-9.432542,2.283438,-0.4110551,1
14677_1.jpg,-3.9828353,-3.8839579,4.438365,1
14618_5.jpg,-1.7065063,-12.180763,-0.9243011,1
14361_4.jpg,-5.5125585,2.6293607,0.19214553,1
14250_5.jpg,-14.453279,-0.030073486,-1.6202201,1
14677_3.jpg,-48.035675,-19.133419,4.781161,1
13962_6.jpg,-18.53914,-18.987032,-6.288293,1
12193_5.jpg,-0.59526074,-6.004526,-1.0114027,1
12358_1.jpg,2.4950094,-16.652346,1.186543,1
12197_4.jpg,-2.7822301,15.515916,-6.7939763,1
14490_2.jpg,8.735191,4.117029,0.9391054,1
13794_1.jpg,0.7711603,-0.3787446,0.6510825,1
13678_5.jpg,-2.03584,-12.969579,-1.6149232,1
14066_3.jpg,-1.3523618,-2.5128481,0.24411193,1
10681_id.jpg,-11.0011835,-5.90086,-2.84479,1
14168_1.jpg,1.926043,-15.952235,-2.9511013,1
14317_4.jpg,0.9325549,5.462785,-0.18644375,1
14127_6.jpg,0.43787017,-17.25589,-3.6638315,1
16206_5.jpg,-2.4810488,-6.304022,-4.717342,1
14622_5.jpg,-28.338808,3.4741638,-3.7407327,1
12206_4.jpg,4.327969,-32.565125,3.3206654,1
14247_3.jpg,4.0913973,-12.720129,-6.7745295,1
13088_5.jpg,4.0017676,-1.250274,5.741814,1
16300_6.jpg,33.185013,-37.128914,-1.9807571,1
12358_3.jpg,-45.97489,-6.778755,-1.4111012,1
11942_3.jpg,31.950554,-13.855522,8.063831,1
13621_2.jpg,15.319952,-21.542809,1.2287506,1
13286_1.jpg,-4.975087,-0.5307757,1.4638189,1
15918_1.jpg,-8.848048,-3.4827662,-2.0924819,1
11927_4.jpg,3.8683622,-8.914858,-3.1303437,1
16207_4.jpg,-2.9655685,-5.626062,2.4115417,1
13061_4.jpg,5.718275,-20.033821,-1.0377171,1
12190_2.jpg,4.4728527,9.216409,-9.062881,1
13741_5.jpg,5.30809,-9.720566,-4.838903,1
13986_2.jpg,-30.904366,4.4654126,4.1931977,1
15892_5.jpg,-16.048424,-7.9947495,9.051364,1
14261_2.jpg,1.8227978,-6.3264365,-4.6231093,1
13754_1.jpg,-6.4938827,-19.048368,-0.40895468,1
11731_2.jpg,67.52272,-9.080313,14.252979,1
12203_4.jpg,24.340069,-28.010683,6.595121,1
10145_2.jpg,-0.67217016,-6.2689548,3.1939442,1
13678_2.jpg,-23.17325,-9.428774,-4.8559957,1
10556_3.jpg,-23.219107,-28.14136,-6.967737,1
13730_2.jpg,43.391514,-4.277754,13.40168,1
14725_4.jpg,6.3788652,12.474892,15.416865,1
14275_1.jpg,-42.58233,-7.805897,-17.41106,1
13851_4.jpg,60.97172,-15.094277,9.249596,1
11363_4.jpg,2.238034,14.49084,-10.162204,1
10517_6.jpg,-2.2684283,4.7394323,-7.1146855,1
12035_1.jpg,21.097073,15.807985,-4.8704195,1
14278_5.jpg,-0.30177963,-3.3237436,-2.2774427,1
11729_3.jpg,-6.984747,11.73143,-0.25596616,1
14490_6.jpg,-3.6972787,-3.302086,-0.08483918,1
16275_5.jpg,-19.137169,0.55432653,9.320465,1
12051_3.jpg,-62.8544,13.520673,2.9997861,1
13803_6.jpg,12.300953,-5.6763716,-1.2226336,1
14124_5.jpg,-26.025537,-21.320396,5.5629525,1
14123_2.jpg,2.9710498,-3.127102,-1.8284465,1
11923_3.jpg,5.044778,-1.3330466,2.3999805,1
15590_3.jpg,20.032518,10.86187,8.800639,1
15461_4.jpg,-3.3415582,6.118475,1.6233757,1
13766_5.jpg,2.142998,-11.458207,8.108819,1
13737_4.jpg,-8.065533,2.3681724,2.159528,1
6906_1.jpg,-54.541058,-11.050797,-1.0081499,1
10293_4.jpg,-21.604284,20.00663,3.3763416,1
12260_4.jpg,-19.611603,-12.09165,0.12695381,1
16207_5.jpg,-7.141435,3.3626785,0.9408555,1
13734_id.jpg,-2.1337466,-1.7291912,1.1672444,1
14315_2.jpg,-4.6840873,-2.1073964,-4.9727774,1
9729_2.jpg,56.32007,19.461346,1.3117878,1
13795_4.jpg,-6.3857284,-4.4279265,7.676767,1
14020_5.jpg,-3.5276673,-7.8978996,-1.3666168,1
13958_4.jpg,-2.261451,-2.7732916,1.4015393,1
11871_3.jpg,-35.24311,4.311293,-1.0557082,1
14361_6.jpg,-38.788918,2.8220766,-7.4892693,1
14523_3.jpg,3.501644,16.889574,-3.4065337,1
13802_3.jpg,-10.554907,-10.766197,1.2287582,1
14248_3.jpg,-1.1355301,-6.486468,-1.9707626,1
14483_4.jpg,4.83102,-11.381338,-16.877838,1
10583_5.jpg,-17.299372,-5.330343,0.83321124,1
14622_1.jpg,-8.634027,-5.544343,1.9332252,1
14323_6.jpg,-17.011583,-19.778467,4.4560523,1
16206_2.jpg,-3.1320205,-16.273888,7.746234,1
14266_4.jpg,12.731829,-14.50966,-18.262953,1
13733_6.jpg,-3.3224113,-20.317333,4.092653,1
14723_2.jpg,0.27013728,-1.8318481,-2.6436124,1
15405_4.jpg,-27.81269,-0.6316366,4.7742844,1
15689_5.jpg,-15.430816,-8.099595,0.5111531,1
13678_4.jpg,-13.080859,-10.087929,-6.4005575,1
13762_5.jpg,1.7021716,-16.85598,0.40348247,1
14121_5.jpg,-7.090781,-7.935438,4.4656057,1
13729_6.jpg,0.6737276,-10.6081085,-0.16743138,1
13584_5.jpg,2.049345,15.42885,-1.8632752,1
14286_4.jpg,-1.0962512,-7.9021306,1.3962439,1
13799_3.jpg,0.07763663,3.4225318,0.61688864,1
11729_5.jpg,34.565243,4.353068,-3.4261951,1
13801_3.jpg,-4.115747,-0.3498769,-0.46780488,1
13806_4.jpg,3.4015245,-7.2700853,3.4276772,1
12051_4.jpg,-15.2911825,-18.796158,0.35432956,1
13795_2.jpg,-2.5886664,-10.918189,0.7289064,1
12260_1.jpg,6.8037,-11.287141,-2.7331338,1
13796_3.jpg,0.69878674,-6.5018406,-2.2074816,1
13472_4.jpg,9.504297,3.0228908,-1.1656437,1
15150_1.jpg,6.723157,5.3249555,-0.26531324,1
6805_id.jpg,-8.3945465,12.001177,-2.7689147,1
10556_2.jpg,-0.73581594,-20.040665,-10.530173,1
13584_2.jpg,-1.7427939,11.985988,8.973648,1
13584_6.jpg,1.7079891,2.6202996,-1.9736582,1
14312_3.jpg,0.11365707,18.806917,4.6306987,1
11833_id.jpg,1.4437265,-4.439031,1.6060871,1
11733_1.jpg,33.776108,2.617793,4.39271,1
14301_4.jpg,-3.5329309,0.6671128,3.264642,1
10535_2.jpg,-0.48913243,-5.4661245,11.174349,1
13355_3.jpg,-13.787506,-0.7485052,-3.1817179,1
11829_4.jpg,6.447683,-1.8928893,-4.965326,1
12204_4.jpg,-16.715027,-6.080855,1.136955,1
14026_1.jpg,-3.7306101,-12.503756,3.003129,1
14319_3.jpg,-7.5579205,-0.11012271,-1.5271245,1
15370_6.jpg,41.124294,6.2007723,-7.956264,1
14481_5.jpg,-1.3841982,-6.0043106,-0.81513226,1
13355_1.jpg,-20.384846,-8.221248,-1.7752489,1
15568_5.jpg,2.8752058,-10.652141,6.1020527,1
11729_id.jpg,-1.2801466,21.106197,-2.4235795,1
13355_4.jpg,-27.544703,-4.3331776,-2.2909017,1
14487_5.jpg,13.787778,-1.1558083,-2.4451408,1
12192_1.jpg,12.989911,1.4037349,-8.466432,1
14190_2.jpg,-0.09868048,5.6517086,5.5286856,1
15344_6.jpg,-0.8775787,-18.894207,-4.044304,1
12206_2.jpg,6.808348,-24.13337,5.9343266,1
14361_1.jpg,-4.8264365,7.2767987,-5.486289,1
14138_5.jpg,12.592993,-14.362113,1.4891659,1
12865_id.jpg,-4.0661154,1.3972524,-6.450837,1
10458_1.jpg,-0.39121196,-0.2709965,-21.281227,1
13753_2.jpg,-39.32905,10.99841,2.6881661,1
14315_1.jpg,-5.184466,-2.7225864,-0.93676555,1
13222_4.jpg,-34.050117,-7.083709,9.054665,1
11363_1.jpg,-4.581707,3.8705006,3.7040076,1
11657_2.jpg,2.1017318,-7.1237946,-3.197178,1
14123_1.jpg,-0.31714606,-6.9469194,-0.10663006,1
12260_5.jpg,3.3122456,-13.324062,-3.5846982,1
15872_4.jpg,-2.238799,3.1798606,1.3126452,1
10555_3.jpg,2.8257585,5.143988,-6.314943,1
12865_1.jpg,-2.4066875,7.149139,-6.1666794,1
14128_1.jpg,-5.402623,-14.071007,-0.98605156,1
13742_1.jpg,1.7843124,1.1719497,-0.30009457,1
13741_2.jpg,8.695305,-6.585667,-6.149983,1
14483_1.jpg,7.8492727,-10.159418,-2.4022007,1
10458_2.jpg,0.47136998,-2.800735,-2.5591493,1
11731_4.jpg,-21.217037,5.924253,-3.2986856,1
13759_2.jpg,2.3045654,-2.9735773,2.3649979,1
15267_2.jpg,43.92892,7.5300064,5.8611646,1
14301_2.jpg,-5.0230412,-1.2722633,-0.7257441,1
13566_1.jpg,-1.9843832,-10.427209,-14.384361,1
12054_1.jpg,-33.12432,11.453921,-0.6776284,1
12868_id.jpg,-4.3020964,7.7527075,-0.45354527,1
15590_1.jpg,20.219202,13.744655,6.9910893,1
15853_4.jpg,-19.051737,-3.3696885,-6.4312816,1
15464_5.jpg,7.9485188,-5.4749603,2.4097252,1
14481_2.jpg,0.84160423,-7.9729843,-0.30332515,1
11925_4.jpg,8.993192,-16.958963,-10.491516,1
12282_4.jpg,-4.1136627,8.845266,5.0985513,1
11728_3.jpg,-6.03547,-22.114988,1.85989,1
14247_1.jpg,8.198546,-10.576648,-2.8114676,1
13759_5.jpg,2.872885,-6.9821744,-1.066686,1
15877_3.jpg,73.8997,-5.4648905,-10.716709,1
14791_5.jpg,16.591875,-3.7736676,4.154321,1
11675_id.jpg,22.285002,0.29361758,-4.5182786,1
11699_5.jpg,4.2620378,-6.5610876,0.543918,1
12036_3.jpg,0.06680125,1.6088227,-1.0780206,1
6779_2.jpg,2.9040658,0.37779388,-2.1558895,1
14244_1.jpg,-4.281938,-4.1175423,6.8114142,1
13795_5.jpg,-0.39078376,-6.943398,-1.107729,1
9597_3.jpg,-1.2596834,5.767528,-15.810685,1
14623_4.jpg,-5.1409774,-2.083914,-0.4313767,1
14309_2.jpg,-52.52475,-4.475432,-14.835423,1
11926_5.jpg,3.206194,-14.805678,-2.2818372,1
12054_5.jpg,-34.147274,-2.151274,7.191918,1
13742_5.jpg,4.965449,-1.2373189,-3.8403957,1
12782_3.jpg,11.369501,2.6087987,0.98499584,1
13621_1.jpg,-2.990638,-0.6692461,-0.7295474,1
12329_4.jpg,6.859478,-1.3856385,-1.1344372,1
10681_1.jpg,-27.613085,0.5268623,-3.356234,1
14487_4.jpg,8.694968,-5.803772,-4.278905,1
14267_2.jpg,6.4504,-10.913417,5.003442,1
14186_3.jpg,-8.439466,-1.4212577,1.3993062,1
14301_5.jpg,-4.7584457,-7.2517447,9.167426,1
12192_5.jpg,4.0867186,1.4496956,5.902736,1
12198_4.jpg,-3.8268344,-1.155946,-5.088516,1
14030_2.jpg,-13.110531,-4.2605586,-3.0844524,1
13900_3.jpg,-32.270927,-5.4626603,-1.9455411,1
10465_2.jpg,34.78174,20.591864,-0.61270744,1
14081_4.jpg,3.7162392,2.259603,-2.3621037,1
14322_3.jpg,-7.79713,1.2933022,-7.447175,1
14032_1.jpg,-4.4961824,-7.9425683,0.41795975,1
13872_1.jpg,48.998695,4.1479053,-0.81713915,1
13802_1.jpg,-5.3057337,6.244903,2.581763,1
14618_3.jpg,7.6070776,-2.6475084,10.731371,1
12329_5.jpg,0.1259425,-3.2441087,1.1601162,1
13753_4.jpg,12.843285,7.096077,-5.7733707,1
11607_2.jpg,-0.52853876,-2.9989414,-0.10760344,1
14790_1.jpg,-25.75142,4.7143884,7.7547007,1
12483_4.jpg,1.9946485,-3.5786536,-0.29001695,1
10555_2.jpg,3.7833407,2.481529,-6.8561444,1
10681_2.jpg,-43.821518,-9.704179,3.6068203,1
14317_1.jpg,2.8563619,3.6787155,-2.5654747,1
16322_4.jpg,-21.207832,9.677391,-4.270971,1
13730_4.jpg,-8.473626,-18.004995,15.507737,1
13621_id.jpg,-1.7267401,-2.8237689,2.6822703,1
13682_3.jpg,-4.028003,-11.093921,0.5206181,1
11924_1.jpg,-3.8389275,-3.680209,-0.8713248,1
13752_3.jpg,-4.7013655,-10.8545885,1.6002977,1
14029_3.jpg,-4.140517,-8.923437,-1.1777418,1
14034_3.jpg,-10.694755,-7.436765,0.36247668,1
12190_3.jpg,17.485733,-3.514268,-4.78417,1
14395_2.jpg,30.960709,-2.499528,-7.579403,1
16007_1.jpg,1.8248134,-3.6193967,2.9714532,1
12867_2.jpg,5.9452734,-3.782102,3.3977776,1
16104_1.jpg,5.5502453,19.73642,0.34935752,1
13755_6.jpg,-7.2401953,-8.164156,3.4314573,1
13751_3.jpg,-11.865148,-18.758127,-2.2332475,1
14068_1.jpg,-5.115178,20.749807,-3.2041614,1
11929_4.jpg,-8.395486,-23.367197,6.4132967,1
12847_6.jpg,-9.876685,-1.4693842,-1.575324,1
10757_4.jpg,9.512072,9.386807,-4.340163,1
13766_2.jpg,14.318191,-2.0711055,-2.362725,1
15692_5.jpg,-3.1556675,7.360823,2.8887973,1
11607_3.jpg,-0.15462884,-3.7453156,1.5505426,1
11927_3.jpg,-5.2136183,7.643297,-4.9874206,1
14246_2.jpg,1.5987371,4.638363,-6.5188885,1
14066_4.jpg,-0.93514997,-6.2900043,-0.785282,1
14138_4.jpg,9.245051,-4.5299716,1.3346509,1
13850_1.jpg,-5.949782,-3.582617,-1.3406118,1
15020_1.jpg,-19.843721,4.361443,-1.5737051,1
14127_1.jpg,-8.501618,-25.778492,-8.881185,1
11924_6.jpg,66.02383,-8.831254,-7.9316006,1
13813_6.jpg,3.745474,-2.03582,-2.422392,1
10535_4.jpg,-1.5673063,-0.8591542,4.8935723,1
16007_6.jpg,0.84004354,-2.7427392,-0.7823062,1
14483_5.jpg,6.6903043,-0.09324637,-20.57656,1
8449_2.jpg,9.294328,3.3371658,11.0342245,1
10465_3.jpg,5.651269,0.5934674,-1.6168901,1
15411_5.jpg,47.948612,-0.5349619,3.4547915,1
13807_4.jpg,12.40634,3.3917174,1.7825334,1
14015_1.jpg,14.612598,-15.945443,11.344624,1
15842_3.jpg,-19.558374,1.3687984,3.435798,1
16320_2.jpg,-6.8716035,10.0913725,-6.5212035,1
14275_6.jpg,70.14024,-0.016207203,3.44812,1
14030_1.jpg,-7.288469,-5.8722625,-1.5396206,1
9838_4.jpg,1.049197,-9.237808,8.432434,1
14297_4.jpg,-1.5314721,9.212178,2.0879087,1
14322_5.jpg,-22.331352,16.38076,-5.390777,1
13088_3.jpg,4.116203,-1.7447594,-8.322742,1
11871_4.jpg,10.608247,9.448533,12.705902,1
11922_4.jpg,-1.8054886,-24.066149,-1.5161738,1
14487_6.jpg,28.95277,-3.8006415,0.9241821,1
14066_1.jpg,3.5012157,-5.2524114,-2.4055705,1
11926_4.jpg,9.058161,-14.636991,-8.562348,1
16152_3.jpg,0.36616915,-10.318357,2.3527555,1
12196_1.jpg,3.757456,-56.01505,11.07112,1
14128_5.jpg,-37.90235,7.216081,-3.8717082,1
14033_4.jpg,-16.42742,-38.55851,-1.2177855,1
13775_4.jpg,30.00112,-4.0869346,-5.281211,1
13900_5.jpg,-5.2918,-9.235798,-2.604096,1
15267_1.jpg,55.60821,10.532121,-15.168966,1
11607_4.jpg,-6.2346725,0.2448279,-1.058776,1
14818_6.jpg,20.431005,3.783054,-7.4369063,1
14023_4.jpg,-1.8497268,-6.607782,11.054717,1
16250_5.jpg,7.302059,-6.300954,-3.6766791,1
10517_1.jpg,0.4402752,9.581428,-6.02288,1
13088_6.jpg,33.342964,-7.545862,-3.0072696,1
14324_5.jpg,19.496565,-11.50383,-3.5626805,1
14324_2.jpg,6.51063,-5.536562,-4.236175,1
14297_6.jpg,2.2002625,7.041297,-2.4075785,1
15150_4.jpg,10.706535,-2.457173,-1.6363469,1
10666_4.jpg,-1.1414346,0.5602843,-0.4044779,1
12200_2.jpg,1.2564707,-12.541768,-0.17929131,1
14168_5.jpg,4.267486,-7.400478,13.41784,1
10486_3.jpg,-6.1107235,-8.441478,1.9530464,1
14791_3.jpg,2.3289573,3.7437778,1.800577,1
10681_4.jpg,-39.477108,-14.875954,-0.8341857,1
14481_6.jpg,2.0570915,-6.252082,-0.4743031,1
13733_3.jpg,0.6591669,-5.9441423,3.394984,1
15464_3.jpg,-3.8583515,1.4816651,4.9244733,1
15918_3.jpg,1.96233,3.1044025,4.5854673,1
14579_2.jpg,9.527977,-3.6909063,3.9448297,1
13472_5.jpg,-32.175205,1.1124212,4.2083435,1
12036_2.jpg,-0.3587091,-1.596023,-3.105147,1
13806_1.jpg,-9.133098,-8.056886,2.0661788,1
11699_3.jpg,30.33564,16.498402,-3.8929996,1
14790_4.jpg,4.7082562,-8.330964,15.5850935,1
13286_6.jpg,31.453537,-5.7278943,-1.7615288,1
14484_4.jpg,8.15994,-4.7244997,-3.595474,1
15009_5.jpg,-1.3520129,10.01738,-1.4794332,1
14126_6.jpg,9.054288,-4.6757145,3.235811,1
13736_4.jpg,0.7028499,-4.411771,-2.9118063,1
10537_2.jpg,-3.9555721,-7.453318,6.3748994,1
12205_4.jpg,-9.937297,-3.3898857,-3.1625884,1
6777_3.jpg,10.344101,8.826572,2.3345408,1
13286_id.jpg,-1.5932963,11.717762,0.48004732,1
13792_1.jpg,-0.28247884,2.9987173,-4.9557867,1
14313_1.jpg,-9.448091,-15.428508,-3.2777727,1
10517_5.jpg,1.8102813,10.398029,-18.46878,1
14030_5.jpg,-2.5249047,-3.5305283,-3.077199,1
16300_3.jpg,-3.8600075,-13.086055,-2.2359674,1
13851_3.jpg,-9.874376,-17.067003,8.336459,1
13771_2.jpg,-1.6866218,-1.926191,-0.7429569,1
14020_6.jpg,-5.909119,-15.249714,-7.709498,1
13682_4.jpg,10.179969,0.40284032,-8.037441,1
6800_2.jpg,-7.518436,1.0160702,-2.509618,1
16054_1.jpg,-1.0545762,-6.8784466,1.0564182,1
11731_id.jpg,1.0917356,10.183381,3.3391135,1
14122_4.jpg,-38.4543,-15.139287,0.5385997,1
14024_6.jpg,4.76922,-14.822101,-1.6200575,1
14024_5.jpg,18.359179,-18.742876,7.4402723,1
